file,flow_id,window_size,client_ip,client_port,server_ip,server_port,total_packets,outgoing_packets,incoming_packets,total_bytes,outgoing_bytes,incoming_bytes,packet_size_mean,packet_size_min,packet_size_max,packet_size_std,packet_size_var,packet_size_cv,packet_size_out_mean,packet_size_out_min,packet_size_out_max,packet_size_out_std,packet_size_out_var,packet_size_out_cv,packet_size_in_mean,packet_size_in_min,packet_size_in_max,packet_size_in_std,packet_size_in_var,packet_size_in_cv,iat_mean,iat_min,iat_max,iat_std,iat_var,iat_out_mean,iat_out_min,iat_out_max,iat_out_std,iat_out_var,iat_in_mean,iat_in_min,iat_in_max,iat_in_std,iat_in_var,short_header_count,long_header_count,short_header_ratio,long_header_ratio,spin_bit_count,spin_bit_ratio,no_spin_bit_ratio,onertt_packets,initial_packets,handshake_packets,zerortt_packets,retry_packets,initial_ratio,handshake_ratio,zerortt_ratio,onertt_ratio,retry_ratio,entropy_direction,entropy_packet_size,duration
normal_traffic_recording_21.pcap,172.19.0.24:35515->172.19.0.8:443,19,172.19.0.24,35515,172.19.0.8,443,19,1,18,23387,131,23256,1230.8947368421052,131,1292,259.2476756708152,67209.3573407202,0.21061725906467224,131.0,131,131,0.0,0.0,0.0,1292.0,1292,1292,0.0,0.0,0.0,0.00016572740342881944,3.790855407714844e-05,0.0019268989562988281,0.00043353196629786835,1.8794996580209607e-07,0.0,0.0,0.0,0.0,0.0,0.00015394827898810893,3.790855407714844e-05,0.0019268989562988281,0.0004432926643164541,1.9650838623678044e-07,19,0,1.0,0.0,0,0.0,1.0,19,0,0,0,0,0.0,0.0,0.0,1.0,0.0,0.2974722489192896,0.2974722489192896,0.00298309326171875
normal_traffic_recording_21.pcap,172.19.0.23:59876->172.19.0.8:443,19,172.19.0.23,59876,172.19.0.8,443,19,3,16,18623,393,18230,980.1578947368421,71,1292,522.0294671212883,272514.76454293623,0.5325973191915631,131.0,131,131,0.0,0.0,0.0,1139.375,71,1292,403.80779385123316,163060.734375,0.3544116676697603,0.9172004461288452,4.696846008300781e-05,15.003952026367188,3.4325163492866686,11.78216848812028,8.253756999969482,1.477118968963623,15.030395030975342,6.776638031005859,45.92282300327497,1.0988776683807373,4.696846008300781e-05,15.031373023986816,3.7410466998883876,13.995430410745795,19,0,1.0,0.0,0,0.0,1.0,19,0,0,0,0,0.0,0.0,0.0,1.0,0.0,0.6292492238560345,1.0869877023399053,16.509608030319214
normal_traffic_recording_21.pcap,172.19.0.27:42568->172.19.0.8:443,19,172.19.0.27,42568,172.19.0.8,443,19,2,17,22226,262,21964,1169.7894736842106,131,1292,356.30184999554706,126951.00831024932,0.30458630207484,131.0,131,131,0.0,0.0,0.0,1292.0,1292,1292,0.0,0.0,0.0,0.000540561146206326,3.2901763916015625e-05,0.0046999454498291016,0.001097646745569076,1.2048283780583836e-06,0.00823211669921875,0.00823211669921875,0.00823211669921875,0.0,0.0,0.00031438469886779785,3.2901763916015625e-05,0.001374959945678711,0.00045778094661268095,2.0956339508160227e-07,19,0,1.0,0.0,0,0.0,1.0,19,0,0,0,0,0.0,0.0,0.0,1.0,0.0,0.4854607607459134,0.4854607607459134,0.009730100631713867
normal_traffic_recording_21.pcap,172.19.0.21:59618->172.19.0.8:443,19,172.19.0.21,59618,172.19.0.8,443,19,3,16,19844,393,19451,1044.421052631579,71,1292,479.582748009523,229999.61218836566,0.4591852556027483,131.0,131,131,0.0,0.0,0.0,1215.6875,71,1292,295.5570416074535,87353.96484375,0.2431192568875254,0.49161310990651447,3.4809112548828125e-05,8.804360151290894,2.016149854185923,4.064860234533917,4.424151420593262,0.016353845596313477,8.83194899559021,4.407797574996948,19.428679462148978,0.5880964756011963,3.4809112548828125e-05,8.820884943008423,2.2003052702099164,4.841343282113534,19,0,1.0,0.0,0,0.0,1.0,19,0,0,0,0,0.0,0.0,0.0,1.0,0.0,0.6292492238560345,0.9132829641650988,8.84903597831726
normal_traffic_recording_21.pcap,172.19.0.28:39150->172.19.0.8:443,19,172.19.0.28,39150,172.19.0.8,443,19,4,15,18683,524,18159,983.3157894736842,71,1292,516.6741875364802,266952.21606648195,0.5254407516562182,131.0,131,131,0.0,0.0,0.0,1210.6,71,1292,304.57091128339874,92763.43999999996,0.2515867431714842,0.6441401110755073,4.100799560546875e-05,11.529310941696167,2.6400656376235587,6.969946570960689,3.864620049794515,0.0006279945373535156,11.577265977859497,5.453667831452714,29.742492815822146,0.8247547830854144,6.103515625e-05,11.54427695274353,2.9730605271743564,8.839088898242261,19,0,1.0,0.0,0,0.0,1.0,19,0,0,0,0,0.0,0.0,0.0,1.0,0.0,0.7424875695421236,1.0214554656116668,11.59452199935913
normal_traffic_recording_21.pcap,172.19.0.19:48532->172.19.0.8:443,19,172.19.0.19,48532,172.19.0.8,443,19,4,15,16241,524,15717,854.7894736842105,71,1292,572.7265884803626,328015.74515235453,0.6700206379611409,131.0,131,131,0.0,0.0,0.0,1047.8,71,1292,488.40000000000003,238534.56000000003,0.4661194884519947,1.401554610994127,3.695487976074219e-05,15.004580974578857,4.028809743895553,16.23130795250775,8.408981005350748,0.0498960018157959,15.033346891403198,6.238743888133723,38.92192530172589,1.7999440772192818,3.695487976074219e-05,15.029893159866333,4.499554455431066,20.245990297389557,19,0,1.0,0.0,0,0.0,1.0,19,0,0,0,0,0.0,0.0,0.0,1.0,0.0,0.7424875695421236,1.3124308023479359,25.227982997894287
normal_traffic_recording_21.pcap,172.19.0.22:48823->172.19.0.8:443,19,172.19.0.22,48823,172.19.0.8,443,19,2,17,21005,262,20743,1105.5263157894738,71,1292,430.7891618170752,185579.30193905818,0.38966884430013937,131.0,131,131,0.0,0.0,0.0,1220.1764705882354,71,1292,287.29411764705884,82537.91003460207,0.23545292387793473,0.05557404624091254,2.288818359375e-05,0.970750093460083,0.22205504051105454,0.04930844101636608,0.9988260269165039,0.9988260269165039,0.9988260269165039,0.0,0.0,0.060766056180000305,2.288818359375e-05,0.970911979675293,0.23499871118184645,0.055224394257128884,19,0,1.0,0.0,0,0.0,1.0,19,0,0,0,0,0.0,0.0,0.0,1.0,0.0,0.4854607607459134,0.7742433029172697,1.0003328323364258
normal_traffic_recording_21.pcap,172.19.0.29:33148->172.19.0.8:443,19,172.19.0.29,33148,172.19.0.8,443,19,1,18,23387,131,23256,1230.8947368421052,131,1292,259.2476756708152,67209.3573407202,0.21061725906467224,131.0,131,131,0.0,0.0,0.0,1292.0,1292,1292,0.0,0.0,0.0,5.710124969482422e-05,4.57763671875e-05,0.00017595291137695312,3.0199399118560125e-05,9.1200370712209e-10,0.0,0.0,0.0,0.0,0.0,5.01099754782284e-05,4.57763671875e-05,7.700920104980469e-05,9.265447151765007e-06,8.584851092215028e-11,19,0,1.0,0.0,0,0.0,1.0,19,0,0,0,0,0.0,0.0,0.0,1.0,0.0,0.2974722489192896,0.2974722489192896,0.001027822494506836
normal_traffic_recording_21.pcap,172.19.0.25:50249->172.19.0.8:443,19,172.19.0.25,50249,172.19.0.8,443,19,2,17,21005,262,20743,1105.5263157894738,71,1292,430.7891618170752,185579.30193905818,0.38966884430013937,131.0,131,131,0.0,0.0,0.0,1220.1764705882354,71,1292,287.29411764705884,82537.91003460207,0.23545292387793473,0.3623999357223511,5.888938903808594e-05,6.4847540855407715,1.484902287346333,2.2049348029663713,6.511168003082275,6.511168003082275,6.511168003082275,0.0,0.0,0.40604905784130096,5.888938903808594e-05,6.494729042053223,1.5720904172823607,2.471468280111027,19,0,1.0,0.0,0,0.0,1.0,19,0,0,0,0,0.0,0.0,0.0,1.0,0.0,0.4854607607459134,0.7742433029172697,6.523198843002319
normal_traffic_recording_21.pcap,172.19.0.30:43177->172.19.0.8:443,19,172.19.0.30,43177,172.19.0.8,443,19,3,16,19844,393,19451,1044.421052631579,71,1292,479.582748009523,229999.61218836566,0.4591852556027483,131.0,131,131,0.0,0.0,0.0,1215.6875,71,1292,295.5570416074535,87353.96484375,0.2431192568875254,0.68799889087677,2.09808349609375e-05,12.338989973068237,2.8257891217611175,7.985084160663468,6.191710472106934,0.019151926040649414,12.364269018173218,6.172558546066284,38.10047900461592,0.8239133993784586,2.09808349609375e-05,12.358305931091309,3.082696072744755,9.503015076915936,19,0,1.0,0.0,0,0.0,1.0,19,0,0,0,0,0.0,0.0,0.0,1.0,0.0,0.6292492238560345,0.9132829641650988,12.38398003578186
normal_traffic_recording_21.pcap,172.19.0.20:51886->172.19.0.8:443,19,172.19.0.20,51886,172.19.0.8,443,19,2,17,21005,262,20743,1105.5263157894738,71,1292,430.7891618170752,185579.30193905818,0.38966884430013937,131.0,131,131,0.0,0.0,0.0,1220.1764705882354,71,1292,287.29411764705884,82537.91003460207,0.23545292387793473,0.05785149998135037,5.3882598876953125e-05,0.9625499248504639,0.22009600080117162,0.048442249568669334,1.0380139350891113,1.0380139350891113,1.0380139350891113,0.0,0.0,0.0603664368391037,5.3882598876953125e-05,0.9649128913879395,0.23355289064740764,0.05454695272975996,19,0,1.0,0.0,0,0.0,1.0,19,0,0,0,0,0.0,0.0,0.0,1.0,0.0,0.4854607607459134,0.7742433029172697,1.0413269996643066
normal_traffic_recording_21.pcap,172.19.0.26:48723->172.19.0.8:443,19,172.19.0.26,48723,172.19.0.8,443,19,2,17,21005,262,20743,1105.5263157894738,71,1292,430.7891618170752,185579.30193905818,0.38966884430013937,131.0,131,131,0.0,0.0,0.0,1220.1764705882354,71,1292,287.29411764705884,82537.91003460207,0.23545292387793473,0.03395467334323459,3.600120544433594e-05,0.5611319541931152,0.12835172594207275,0.01647416555230895,0.6103091239929199,0.6103091239929199,0.6103091239929199,0.0,0.0,0.03512543439865112,3.600120544433594e-05,0.5613389015197754,0.1358677330885195,0.018460040894613172,19,0,1.0,0.0,0,0.0,1.0,19,0,0,0,0,0.0,0.0,0.0,1.0,0.0,0.4854607607459134,0.7742433029172697,0.6111841201782227
normal_traffic_recording_21.pcap,172.19.0.18:56532->172.19.0.8:443,19,172.19.0.18,56532,172.19.0.8,443,19,7,12,16988,2446,14542,894.1052631578947,131,1399,537.0795192262494,288454.40997229924,0.6006893610371286,349.42857142857144,131,1399,436.94846284621883,190923.95918367346,1.2504657563056139,1211.8333333333333,326,1294,267.08982051404024,71336.97222222223,0.22040144726780933,0.00860815578036838,0.0,0.05961203575134277,0.01784413632859704,0.0003184132013135566,0.025303006172180176,0.0,0.10982990264892578,0.039211619611511324,0.0015375511125578594,0.008666797117753462,5.602836608886719e-05,0.08824491500854492,0.025173042433378708,0.0006336820653526851,14,5,0.7368421052631579,0.2631578947368421,0,0.0,1.0,14,1,4,0,0,0.05263157894736842,0.21052631578947367,0.0,0.7368421052631579,0.0,0.9494520153879484,1.8240460500219924,0.15494680404663086
normal_traffic_recording_21.pcap,172.19.0.24:59745->172.19.0.8:443,19,172.19.0.24,59745,172.19.0.8,443,19,6,13,13327,2333,10994,701.421052631579,69,1399,577.3287229071742,333308.4542936288,0.8230843952304577,388.8333333333333,131,1399,461.0218420952405,212541.1388888889,1.1856541159757579,845.6923076923077,69,1294,568.4501716361216,323135.597633136,0.6721713872357268,0.04517506228552924,3.695487976074219e-05,0.48364710807800293,0.11213197947422707,0.01257358082080848,0.1611868381500244,3.695487976074219e-05,0.6174411773681641,0.23118790580196444,0.05344784778909798,0.05662250518798828,5.1975250244140625e-05,0.5035059452056885,0.13751219602854622,0.018909604056593327,11,8,0.5789473684210527,0.42105263157894735,0,0.0,1.0,11,1,7,0,0,0.05263157894736842,0.3684210526315789,0.0,0.5789473684210527,0.0,0.8997437586982626,2.5637169871277963,0.8131511211395264
normal_traffic_recording_21.pcap,172.19.0.27:36447->172.19.0.8:443,19,172.19.0.27,36447,172.19.0.8,443,19,9,10,13839,5263,8576,728.3684210526316,68,1399,575.7150437797757,331447.81163434905,0.7904173590444207,584.7777777777778,131,1399,580.9044246838579,337449.95061728393,0.9933763675004219,857.6,68,1294,539.2482174286718,290788.64,0.6287875669644026,0.06541560755835639,0.0,0.654674768447876,0.15318031167782942,0.023464207885716962,0.14587324857711792,0.0,0.7085847854614258,0.22825941227967647,0.05210235929426332,0.12486023373074001,5.1021575927734375e-05,0.7360868453979492,0.2316670674784201,0.05366963015405086,7,12,0.3684210526315789,0.631578947368421,0,0.0,1.0,7,4,8,0,0,0.21052631578947367,0.42105263157894735,0.0,0.3684210526315789,0.0,0.9980008838722996,2.7205827761460126,1.177480936050415
normal_traffic_recording_21.pcap,172.19.0.18:47836->172.19.0.8:443,19,172.19.0.18,47836,172.19.0.8,443,19,5,14,16878,2198,14680,888.3157894736842,69,1399,545.9305963824357,298040.21606648195,0.6145681556621804,439.6,131,1399,490.1981640112496,240294.24,1.1151004640838253,1048.5714285714287,69,1294,470.18365929643693,221072.67346938787,0.4484040347513703,0.04158861107296414,9.5367431640625e-07,0.5664799213409424,0.12867079431972964,0.01655617331087017,0.1868857741355896,9.5367431640625e-07,0.5986378192901611,0.24013669102333038,0.057665630375634436,0.0558017767392672,5.3882598876953125e-05,0.5920441150665283,0.15732912498410986,0.024752453568265664,14,5,0.7368421052631579,0.2631578947368421,0,0.0,1.0,14,1,4,0,0,0.05263157894736842,0.21052631578947367,0.0,0.7368421052631579,0.0,0.8314743880097293,2.034572365811466,0.7485949993133545
normal_traffic_recording_21.pcap,172.19.0.25:33201->172.19.0.8:443,19,172.19.0.25,33201,172.19.0.8,443,19,10,9,6464,2816,3648,340.2105263157895,68,1399,435.45095547723713,189617.53462603877,1.279945568389156,281.6,131,1399,376.71479928455165,141914.04000000004,1.3377656224593453,405.3333333333333,68,1294,484.31761846494453,234563.55555555556,1.194862545554962,0.13278611501057944,0.0,1.9703891277313232,0.4507211620624449,0.20314956593092073,0.2655722300211589,0.0,1.9846601486206055,0.614407906164089,0.37749707515694,0.2925112545490265,3.504753112792969e-05,1.970548152923584,0.6423744432270604,0.41264492531127583,8,11,0.42105263157894735,0.5789473684210527,0,0.0,1.0,8,1,10,0,0,0.05263157894736842,0.5263157894736842,0.0,0.42105263157894735,0.0,0.9980008838722996,2.945038697540245,2.3901500701904297
normal_traffic_recording_21.pcap,172.19.0.26:34180->172.19.0.8:443,19,172.19.0.26,34180,172.19.0.8,443,19,6,13,16933,2323,14610,891.2105263157895,68,1399,541.5595976288607,293286.7977839335,0.6076674159893908,387.1666666666667,131,1399,462.02107335296097,213463.47222222216,1.1933389755134591,1123.8461538461538,68,1294,398.4349857502758,158750.4378698225,0.3545280502911421,0.007296323776245117,3.886222839355469e-05,0.06997299194335938,0.016631544005718205,0.00027660825601414117,0.02612457275390625,0.00012421607971191406,0.06997299194335938,0.024564411055252488,0.0006034102904914106,0.009134829044342041,3.886222839355469e-05,0.09090590476989746,0.025154850870771617,0.0006327665223307596,14,5,0.7368421052631579,0.2631578947368421,0,0.0,1.0,14,1,4,0,0,0.05263157894736842,0.21052631578947367,0.0,0.7368421052631579,0.0,0.8997437586982626,1.9948414446449676,0.1313338279724121
normal_traffic_recording_21.pcap,172.19.0.28:34563->172.19.0.8:443,19,172.19.0.28,34563,172.19.0.8,443,19,7,12,13338,2465,10873,702.0,66,1399,577.0039678783573,332933.5789473684,0.8219429741856942,352.14285714285717,131,1399,436.2667691648666,190328.69387755104,1.238891433733901,906.0833333333334,66,1294,550.5177045795671,303069.7430555555,0.6075795507178152,0.04141583707597521,0.0,0.5005130767822266,0.11464445897785548,0.013143351974325188,0.10429867108662923,0.0,0.5005130767822266,0.1795526414832161,0.03223915106360033,0.06229574030095881,1.3113021850585938e-05,0.614311933517456,0.17538945742889686,0.030761461777202823,13,6,0.6842105263157895,0.3157894736842105,0,0.0,1.0,13,1,5,0,0,0.05263157894736842,0.2631578947368421,0.0,0.6842105263157895,0.0,0.9494520153879484,2.3789919869000626,0.7454850673675537
normal_traffic_recording_21.pcap,172.19.0.29:37241->172.19.0.8:443,19,172.19.0.29,37241,172.19.0.8,443,19,5,14,18093,2191,15902,952.2631578947369,68,1399,517.3487922602948,267649.77285318566,0.5432834274551263,438.2,131,1399,490.3335191479367,240426.96000000002,1.118971974322083,1135.857142857143,68,1294,386.3761781223167,149286.55102040817,0.3401626521011466,0.006049672762552897,2.47955322265625e-05,0.0441281795501709,0.013327646365885168,0.00017762615765409213,0.026334524154663086,7.200241088867188e-05,0.063507080078125,0.02639543820516955,0.0006967191580429244,0.00498199462890625,2.47955322265625e-05,0.061328887939453125,0.0162863288375037,0.00026524450700330467,14,5,0.7368421052631579,0.2631578947368421,0,0.0,1.0,14,1,4,0,0,0.05263157894736842,0.21052631578947367,0.0,0.7368421052631579,0.0,0.8314743880097293,1.8784775129881184,0.10889410972595215
normal_traffic_recording_21.pcap,172.19.0.18:33057->172.19.0.8:443,19,172.19.0.18,33057,172.19.0.8,443,19,9,10,13838,5262,8576,728.3157894736842,68,1399,575.7461111353985,331483.5844875346,0.7905171348151879,584.6666666666666,131,1399,580.9419554099666,337493.5555555556,0.9936293422063283,857.6,68,1294,539.2482174286718,290788.64,0.6287875669644026,0.03001545535193549,0.0,0.20061707496643066,0.052121446074597046,0.0027166451409071277,0.06747952103614807,0.0,0.3194591999053955,0.10272440793130411,0.010552303984836975,0.04683722390068902,4.100799560546875e-05,0.2591540813446045,0.08316328438442537,0.006916131869604809,7,12,0.3684210526315789,0.631578947368421,0,0.0,1.0,7,4,8,0,0,0.21052631578947367,0.42105263157894735,0.0,0.3684210526315789,0.0,0.9980008838722996,2.7205827761460126,0.5402781963348389
normal_traffic_recording_21.pcap,172.19.0.25:51651->172.19.0.8:443,19,172.19.0.25,51651,172.19.0.8,443,19,8,11,13411,2607,10804,705.8421052631579,69,1399,572.8370084301004,328142.23822714685,0.8115653687399825,325.875,131,1399,413.96571038553424,171367.609375,1.2703205535421074,982.1818181818181,69,1294,510.6823987535641,260796.51239669425,0.51994690728334,0.04710678259531657,0.0,0.36710500717163086,0.09153473783830021,0.008378608231126348,0.12003629548209054,0.0,0.5324890613555908,0.18416752609207548,0.033917677666875305,0.07344698905944824,4.100799560546875e-05,0.4503340721130371,0.15081812251580992,0.02274610607919385,12,7,0.631578947368421,0.3684210526315789,0,0.0,1.0,12,1,6,0,0,0.05263157894736842,0.3157894736842105,0.0,0.631578947368421,0.0,0.9819407868640977,2.3789919869000626,0.8479220867156982
normal_traffic_recording_21.pcap,172.19.0.24:37415->172.19.0.8:443,19,172.19.0.24,37415,172.19.0.8,443,19,9,10,13860,5262,8598,729.4736842105264,68,1399,574.9463470090564,330563.30193905823,0.7881659879633528,584.6666666666666,131,1399,580.9419554099666,337493.5555555556,0.9936293422063283,859.8,68,1294,537.0930645614408,288468.95999999996,0.6246720918369862,0.04153894053565131,0.0,0.39347314834594727,0.089537701571575,0.008017000002720426,0.09251299500465393,0.0,0.4449491500854492,0.1373945117863645,0.018877251869013456,0.03935864236619738,4.982948303222656e-05,0.19393491744995117,0.06369089075199155,0.0040565295647821235,7,12,0.3684210526315789,0.631578947368421,0,0.0,1.0,7,4,8,0,0,0.21052631578947367,0.42105263157894735,0.0,0.3684210526315789,0.0,0.9980008838722996,2.7205827761460126,0.7477009296417236
normal_traffic_recording_21.pcap,172.19.0.23:54055->172.19.0.8:443,19,172.19.0.23,54055,172.19.0.8,443,19,8,11,12176,2596,9580,640.8421052631579,68,1399,572.6307952781015,327906.027700831,0.8935598809365907,324.5,131,1399,414.591968084284,171886.5,1.277633183618749,870.9090909090909,68,1294,561.8399083766017,315664.0826446281,0.6451188927079977,0.04005021519131131,0.0,0.2741849422454834,0.06548302513539203,0.004288026580882384,0.09414025715419225,0.0,0.3753979206085205,0.12262789472671834,0.015037600565107116,0.06073019504547119,2.193450927734375e-05,0.27454495429992676,0.09111540108248482,0.008302016314422076,13,6,0.6842105263157895,0.3157894736842105,0,0.0,1.0,13,1,5,0,0,0.05263157894736842,0.2631578947368421,0.0,0.6842105263157895,0.0,0.9819407868640977,2.437065831519022,0.7209038734436035
normal_traffic_recording_21.pcap,172.19.0.22:54401->172.19.0.8:443,19,172.19.0.22,54401,172.19.0.8,443,19,8,11,16336,7399,8937,859.7894736842105,96,1399,570.3556211926369,325305.5346260388,0.6633666015340415,924.875,131,1399,612.1009797206667,374667.609375,0.6618202240526198,812.4545454545455,96,1294,532.9957126957646,284084.42975206603,0.6560314243765705,0.08631710211435954,0.0,0.6016159057617188,0.18822145241863042,0.03542731515057875,0.22195826257978166,0.0,0.6293060779571533,0.2671956612520064,0.07139352139189696,0.0018844127655029297,4.506111145019531e-05,0.01726388931274414,0.005131006189662447,2.6327224518354338e-05,2,17,0.10526315789473684,0.8947368421052632,0,0.0,1.0,2,7,10,0,0,0.3684210526315789,0.5263157894736842,0.0,0.10526315789473684,0.0,0.9819407868640977,2.3598063039211006,1.5537078380584717
normal_traffic_recording_21.pcap,172.19.0.26:40732->172.19.0.8:443,19,172.19.0.26,40732,172.19.0.8,443,19,5,14,16882,2198,14684,888.5263157894736,68,1399,545.739707419982,297831.82825484755,0.6142077029368356,439.6,131,1399,490.1981640112496,240294.24,1.1151004640838253,1048.857142857143,68,1294,469.7853396032304,220698.2653061225,0.4479021216593044,0.037950105137295194,0.0,0.3254120349884033,0.08438740717306643,0.0071212344893929035,0.1684499979019165,0.0,0.4646308422088623,0.18400214710867838,0.03385679014060372,0.039735995806180514,2.288818359375e-05,0.3623011112213135,0.10143234434399395,0.010288520479118563,14,5,0.7368421052631579,0.2631578947368421,0,0.0,1.0,14,1,4,0,0,0.05263157894736842,0.21052631578947367,0.0,0.7368421052631579,0.0,0.8314743880097293,2.034572365811466,0.6831018924713135
normal_traffic_recording_21.pcap,172.19.0.30:55162->172.19.0.8:443,19,172.19.0.30,55162,172.19.0.8,443,19,6,13,16940,2323,14617,891.578947368421,68,1399,541.177207653004,292872.7700831026,0.6069874229874307,387.1666666666667,131,1399,462.02107335296097,213463.47222222216,1.1933389755134591,1124.3846153846155,68,1294,397.3596585271989,157894.69822485212,0.35340189921691084,0.011295278867085775,0.0,0.05670881271362305,0.018657311453757045,0.0003480952706824938,0.030818605422973634,0.0,0.06570005416870117,0.026682175579580185,0.0007119384936595452,0.014560997486114502,2.7179718017578125e-05,0.13301801681518555,0.03747490489739724,0.0014043684970689678,14,5,0.7368421052631579,0.2631578947368421,0,0.0,1.0,14,1,4,0,0,0.05263157894736842,0.21052631578947367,0.0,0.7368421052631579,0.0,0.8997437586982626,1.9948414446449676,0.20331501960754395
normal_traffic_recording_21.pcap,172.19.0.21:43684->172.19.0.8:443,19,172.19.0.21,43684,172.19.0.8,443,19,6,13,15714,2323,13391,827.0526315789474,69,1399,562.1673728745327,316032.15512465383,0.6797238185449994,387.1666666666667,131,1399,462.02107335296097,213463.47222222216,1.1933389755134591,1030.076923076923,69,1294,482.540307051125,232845.147928994,0.4684507498816089,0.04346533616383871,0.0,0.5029568672180176,0.11431309995422012,0.01306748482114352,0.14038639068603515,0.0,0.5845880508422852,0.22296565857756548,0.0497136849049275,0.06219408909479777,2.5987625122070312e-05,0.5829248428344727,0.15985967677718804,0.025555116259307037,14,5,0.7368421052631579,0.2631578947368421,0,0.0,1.0,14,1,4,0,0,0.05263157894736842,0.21052631578947367,0.0,0.7368421052631579,0.0,0.8997437586982626,2.1440239107574226,0.7823760509490967
normal_traffic_recording_21.pcap,172.19.0.28:36895->172.19.0.8:443,19,172.19.0.28,36895,172.19.0.8,443,19,8,11,14988,5120,9868,788.8421052631579,68,1399,571.3583319514162,326450.3434903047,0.7242999938001673,640.0,131,1399,593.400581395064,352124.25,0.9271884084297876,897.0909090909091,68,1294,529.1017181026476,279948.62809917354,0.5897972131261779,0.06578183174133301,0.0,0.3284339904785156,0.11842686596193552,0.014024922581566242,0.12388600621904645,0.0,0.6454660892486572,0.21891154419310274,0.04792226418100877,0.08556389808654785,4.1961669921875e-05,0.33966898918151855,0.13625290641761284,0.018564854507246764,8,11,0.42105263157894735,0.5789473684210527,0,0.0,1.0,8,4,7,0,0,0.21052631578947367,0.3684210526315789,0.0,0.42105263157894735,0.0,0.9819407868640977,2.6078612261419973,1.1840729713439941
normal_traffic_recording_21.pcap,172.19.0.22:36973->172.19.0.8:443,19,172.19.0.22,36973,172.19.0.8,443,19,8,11,16344,7410,8934,860.2105263157895,96,1399,569.7686122174019,324636.2714681441,0.6623594978053498,926.25,131,1399,610.3258863099287,372497.6875,0.6589213347475613,812.1818181818181,96,1294,533.2442418700865,284349.42148760334,0.656557718890861,0.058531509505377874,9.5367431640625e-07,0.6002140045166016,0.14886299003624887,0.02216018980253233,0.14976716041564941,9.5367431640625e-07,0.6002140045166016,0.2099526876463165,0.04408013104991174,0.003629302978515625,5.698204040527344e-05,0.017322778701782227,0.006789493817819454,4.609722630220858e-05,1,18,0.05263157894736842,0.9473684210526315,0,0.0,1.0,1,7,11,0,0,0.3684210526315789,0.5789473684210527,0.0,0.05263157894736842,0.0,0.9819407868640977,2.3598063039211006,1.0535671710968018
normal_traffic_recording_21.pcap,172.19.0.25:33439->172.19.0.8:443,19,172.19.0.25,33439,172.19.0.8,443,19,9,10,13851,5263,8588,729.0,68,1399,575.276409535817,330942.94736842107,0.7891308772782126,584.7777777777778,131,1399,580.9044246838579,337449.95061728393,0.9933763675004219,858.8,68,1294,538.0692892184054,289518.56000000006,0.6265362007666575,0.0437843402226766,0.0,0.35849905014038086,0.08609725051359027,0.007412736545999919,0.09845438599586487,0.0,0.5001809597015381,0.15911187767659743,0.0253165896177725,0.04773545265197754,4.792213439941406e-05,0.20709705352783203,0.07216075854309191,0.005207175073514413,7,12,0.3684210526315789,0.631578947368421,0,0.0,1.0,7,4,8,0,0,0.21052631578947367,0.42105263157894735,0.0,0.3684210526315789,0.0,0.9980008838722996,2.7205827761460126,0.7881181240081787
normal_traffic_recording_21.pcap,172.19.0.29:41423->172.19.0.8:443,19,172.19.0.29,41423,172.19.0.8,443,19,9,10,11097,2748,8349,584.0526315789474,68,1399,558.1680065586941,311551.52354570635,0.955681006093105,305.3333333333333,131,1399,394.521932920789,155647.55555555556,1.2921024003955974,834.9,68,1294,564.8227066965351,319024.69000000006,0.6765153990855612,0.04846044381459554,0.0,0.5749940872192383,0.13046486791966236,0.017021081761294944,0.10897201299667358,0.0,0.5749940872192383,0.1813948637974134,0.032904096612082157,0.0897733105553521,4.792213439941406e-05,0.6256630420684814,0.1935983762302057,0.03748033127897228,9,10,0.47368421052631576,0.5263157894736842,0,0.0,1.0,9,1,9,0,0,0.05263157894736842,0.47368421052631576,0.0,0.47368421052631576,0.0,0.9980008838722996,2.6550505394177746,0.8722879886627197
normal_traffic_recording_21.pcap,172.19.0.19:44796->172.19.0.8:443,19,172.19.0.19,44796,172.19.0.8,443,19,8,11,12245,2607,9638,644.4736842105264,68,1399,569.2565205156499,324052.98614958447,0.883289006925059,325.875,131,1399,413.96571038553424,171367.609375,1.2703205535421074,876.1818181818181,68,1294,554.6046615189168,307586.33057851234,0.6329789662490232,0.042361047532823354,0.0,0.35759592056274414,0.08932523903450744,0.007978998328571891,0.10886154856000628,0.0,0.3577108383178711,0.12526663377018277,0.015691729536113096,0.07272460460662841,2.5033950805664062e-05,0.4291081428527832,0.14406221538236866,0.020753921900875976,10,9,0.5263157894736842,0.47368421052631576,0,0.0,1.0,10,1,8,0,0,0.05263157894736842,0.42105263157894735,0.0,0.5263157894736842,0.0,0.9819407868640977,2.6078612261419973,0.7624988555908203
normal_traffic_recording_21.pcap,172.19.0.27:57481->172.19.0.8:443,19,172.19.0.27,57481,172.19.0.8,443,19,6,13,15712,2323,13389,826.9473684210526,69,1399,562.260800479842,316137.2077562327,0.6799233203358579,387.1666666666667,131,1399,462.02107335296097,213463.47222222216,1.1933389755134591,1029.923076923077,69,1294,482.76407066909405,233061.14792899403,0.46873798780328796,0.05519406000773112,0.0,0.2746241092681885,0.08953724498291829,0.008016918239131126,0.19841241836547852,0.0,0.43185901641845703,0.16436048357367325,0.02701436856057171,0.07900959253311157,5.078315734863281e-05,0.5065281391143799,0.15466134579133023,0.023920131881985423,14,5,0.7368421052631579,0.2631578947368421,0,0.0,1.0,14,1,4,0,0,0.05263157894736842,0.21052631578947367,0.0,0.7368421052631579,0.0,0.8997437586982626,2.1440239107574226,0.9934930801391602
normal_traffic_recording_21.pcap,172.19.0.30:57570->172.19.0.8:443,19,172.19.0.30,57570,172.19.0.8,443,19,6,13,16933,2323,14610,891.2105263157895,68,1399,541.5595976288607,293286.7977839335,0.6076674159893908,387.1666666666667,131,1399,462.02107335296097,213463.47222222216,1.1933389755134591,1123.8461538461538,68,1294,398.4349857502758,158750.4378698225,0.3545280502911421,0.04740521642896864,0.0,0.547961950302124,0.1269635278654102,0.016119737408030795,0.16983160972595215,0.0,0.547961950302124,0.1974513829543339,0.038987048630579016,0.05820749203364054,6.198883056640625e-05,0.5930020809173584,0.16377081073684538,0.02682087844940363,14,5,0.7368421052631579,0.2631578947368421,0,0.0,1.0,14,1,4,0,0,0.05263157894736842,0.21052631578947367,0.0,0.7368421052631579,0.0,0.8997437586982626,1.9948414446449676,0.8532938957214355
normal_traffic_recording_21.pcap,172.19.0.20:46327->172.19.0.8:443,19,172.19.0.20,46327,172.19.0.8,443,19,6,13,16934,2322,14612,891.2631578947369,68,1399,541.4987818526671,293220.93074792234,0.6075632960435027,387.0,131,1399,462.0205623129776,213463.0,1.1938515822040765,1124.0,68,1294,398.1271540214643,158505.23076923078,0.3542056530440074,0.015133221944173178,0.0,0.15972614288330078,0.037385521881089366,0.001397677246321412,0.05434122085571289,0.0,0.19428515434265137,0.0716151643718312,0.005128731768004401,0.019828001658121746,4.696846008300781e-05,0.17239999771118164,0.04935540986185361,0.002435956482631557,14,5,0.7368421052631579,0.2631578947368421,0,0.0,1.0,14,1,4,0,0,0.05263157894736842,0.21052631578947367,0.0,0.7368421052631579,0.0,0.8997437586982626,1.9948414446449676,0.2723979949951172
normal_traffic_recording_21.pcap,172.19.0.18:33070->172.19.0.8:443,19,172.19.0.18,33070,172.19.0.8,443,19,6,13,16933,2323,14610,891.2105263157895,68,1399,541.5595976288607,293286.7977839335,0.6076674159893908,387.1666666666667,131,1399,462.02107335296097,213463.47222222216,1.1933389755134591,1123.8461538461538,68,1294,398.4349857502758,158750.4378698225,0.3545280502911421,0.04270716508229574,0.0,0.3694601058959961,0.09313368198014862,0.00867388271917946,0.15199999809265136,0.0,0.3694601058959961,0.13745288399960257,0.0188932953198082,0.0530249277750651,5.316734313964844e-05,0.5516998767852783,0.15210884751912598,0.023137101493596716,14,5,0.7368421052631579,0.2631578947368421,0,0.0,1.0,14,1,4,0,0,0.05263157894736842,0.21052631578947367,0.0,0.7368421052631579,0.0,0.8997437586982626,1.9948414446449676,0.7687289714813232
normal_traffic_recording_21.pcap,172.19.0.22:34296->172.19.0.8:443,19,172.19.0.22,34296,172.19.0.8,443,19,9,10,13845,5263,8582,728.6842105263158,68,1399,575.4950319993698,331194.5318559556,0.7897728860951986,584.7777777777778,131,1399,580.9044246838579,337449.95061728393,0.9933763675004219,858.2,68,1294,538.6577391999488,290152.16000000003,0.627659915171229,0.05335288577609592,0.0,0.6451129913330078,0.14633561383247431,0.02141411187572705,0.11937686800956726,0.0,0.7104899883270264,0.22714659377639432,0.0515955750642183,0.09945445590549046,3.790855407714844e-05,0.7536468505859375,0.2333685155211043,0.0544608640365239,7,12,0.3684210526315789,0.631578947368421,0,0.0,1.0,7,4,8,0,0,0.21052631578947367,0.42105263157894735,0.0,0.3684210526315789,0.0,0.9980008838722996,2.7205827761460126,0.9603519439697266
normal_traffic_recording_21.pcap,172.19.0.23:59591->172.19.0.8:443,19,172.19.0.23,59591,172.19.0.8,443,19,9,10,9877,2760,7117,519.8421052631579,68,1399,542.8753140898925,294713.60664819943,1.0443080862314424,306.6666666666667,131,1399,394.0197400582305,155251.55555555553,1.2848469784507517,711.7,68,1294,585.2526035824189,342520.61,0.8223304813579021,0.038616829448276095,0.0,0.18198800086975098,0.06366955976158738,0.004053812840234346,0.08640837669372559,0.0,0.43596792221069336,0.14528491742937363,0.021107707232459916,0.07574942376878527,1.8835067749023438e-05,0.3556511402130127,0.12137114199089835,0.014730954108174809,8,11,0.42105263157894735,0.5789473684210527,0,0.0,1.0,8,1,10,0,0,0.05263157894736842,0.5263157894736842,0.0,0.42105263157894735,0.0,0.9980008838722996,2.7100706213976054,0.6951029300689697
normal_traffic_recording_21.pcap,172.19.0.21:54384->172.19.0.8:443,19,172.19.0.21,54384,172.19.0.8,443,19,9,10,13839,5263,8576,728.3684210526316,68,1399,575.7150437797758,331447.8116343491,0.7904173590444209,584.7777777777778,131,1399,580.9044246838579,337449.95061728393,0.9933763675004219,857.6,68,1294,539.2482174286718,290788.64,0.6287875669644026,0.035810232162475586,0.0,0.46294116973876953,0.10489807066825785,0.011003605229922818,0.08051589131355286,0.0,0.5095782279968262,0.16297997433420836,0.026562472033979212,0.06645600001017253,1.4066696166992188e-05,0.46833205223083496,0.14449777902210628,0.020879608142321458,7,12,0.3684210526315789,0.631578947368421,0,0.0,1.0,7,4,8,0,0,0.21052631578947367,0.42105263157894735,0.0,0.3684210526315789,0.0,0.9980008838722996,2.7205827761460126,0.6445841789245605
normal_traffic_recording_21.pcap,172.19.0.25:50787->172.19.0.8:443,19,172.19.0.25,50787,172.19.0.8,443,19,6,13,16934,2323,14611,891.2631578947369,68,1399,541.5047107833449,293227.35180055397,0.6075699483219293,387.1666666666667,131,1399,462.02107335296097,213463.47222222216,1.1933389755134591,1123.923076923077,68,1294,398.2810104858245,158627.76331360944,0.35436678778425285,0.021241161558363173,0.0,0.23833107948303223,0.05615387270996196,0.0031532574203266103,0.07631921768188477,0.0,0.23833107948303223,0.09142013193587313,0.00835764052317245,0.025346815586090088,3.695487976074219e-05,0.26030492782592773,0.07184222621943886,0.00516130546816503,14,5,0.7368421052631579,0.2631578947368421,0,0.0,1.0,14,1,4,0,0,0.05263157894736842,0.21052631578947367,0.0,0.7368421052631579,0.0,0.8997437586982626,1.9948414446449676,0.3823409080505371
normal_traffic_recording_21.pcap,172.19.0.20:60641->172.19.0.8:443,19,172.19.0.20,60641,172.19.0.8,443,19,6,13,16934,2323,14611,891.2631578947369,68,1399,541.5047107833449,293227.35180055397,0.6075699483219293,387.1666666666667,131,1399,462.02107335296097,213463.47222222216,1.1933389755134591,1123.923076923077,68,1294,398.2810104858245,158627.76331360944,0.35436678778425285,0.03318905830383301,9.5367431640625e-07,0.4059171676635742,0.09275547358797229,0.008603577880529024,0.11935262680053711,9.5367431640625e-07,0.42189598083496094,0.15353030138220822,0.02357155344251169,0.04680101076761881,2.09808349609375e-05,0.40627408027648926,0.11647690226474709,0.013566868761191446,14,5,0.7368421052631579,0.2631578947368421,0,0.0,1.0,14,1,4,0,0,0.05263157894736842,0.21052631578947367,0.0,0.7368421052631579,0.0,0.8997437586982626,1.9948414446449676,0.5974030494689941
normal_traffic_recording_21.pcap,172.19.0.27:48618->172.19.0.8:443,19,172.19.0.27,48618,172.19.0.8,443,19,9,10,12618,5262,7356,664.1052631578947,69,1399,577.3752674352993,333362.19944598334,0.86940323991684,584.6666666666666,131,1399,580.9419554099666,337493.5555555556,0.9936293422063283,735.6,69,1294,564.6707359160736,318853.04000000004,0.7676328655737813,0.042097780439588756,0.0,0.3561229705810547,0.08537269028525968,0.007288496246542871,0.09048625826835632,0.0,0.4851679801940918,0.15835972518754735,0.025077802561475515,0.06987134615580241,2.4080276489257812e-05,0.4807779788970947,0.14861839028256518,0.022087425930180867,7,12,0.3684210526315789,0.631578947368421,0,0.0,1.0,7,4,8,0,0,0.21052631578947367,0.42105263157894735,0.0,0.3684210526315789,0.0,0.9980008838722996,2.820589856666546,0.7577600479125977
normal_traffic_recording_21.pcap,172.19.0.24:33209->172.19.0.8:443,19,172.19.0.24,33209,172.19.0.8,443,19,6,13,16932,2322,14610,891.1578947368421,68,1399,541.608448892147,293339.71191135736,0.6077581224279939,387.0,131,1399,462.0205623129776,213463.0,1.1938515822040765,1123.8461538461538,68,1294,398.4349857502758,158750.4378698225,0.3545280502911421,0.013917777273390029,9.5367431640625e-07,0.18786120414733887,0.04286918397693441,0.0018377669348482496,0.049947595596313475,9.5367431640625e-07,0.2109971046447754,0.08099070454756496,0.006559494223110959,0.018959840138753254,4.291534423828125e-05,0.20815610885620117,0.05727869859187117,0.0032808493123784245,14,5,0.7368421052631579,0.2631578947368421,0,0.0,1.0,14,1,4,0,0,0.05263157894736842,0.21052631578947367,0.0,0.7368421052631579,0.0,0.8997437586982626,1.9948414446449676,0.2505199909210205
normal_traffic_recording_21.pcap,172.19.0.21:40100->172.19.0.8:443,19,172.19.0.21,40100,172.19.0.8,443,19,5,14,16873,2192,14681,888.0526315789474,68,1399,546.1883686714888,298321.73407202214,0.6150405384198593,438.4,131,1399,490.3132060224362,240407.03999999998,1.1184151597227103,1048.642857142857,68,1294,470.1133004990632,221006.5153061225,0.44830639649798276,0.043644229571024575,0.0,0.34105801582336426,0.09822665687808986,0.009648476121445999,0.19617050886154175,0.0,0.4793510437011719,0.20507883715808709,0.0420573294501132,0.039914461282583386,4.482269287109375e-05,0.3425910472869873,0.09900665528362156,0.009802317790449868,14,5,0.7368421052631579,0.2631578947368421,0,0.0,1.0,14,1,4,0,0,0.05263157894736842,0.21052631578947367,0.0,0.7368421052631579,0.0,0.8314743880097293,2.034572365811466,0.7855961322784424
normal_traffic_recording_21.pcap,172.19.0.26:40176->172.19.0.8:443,19,172.19.0.26,40176,172.19.0.8,443,19,7,12,15773,2454,13319,830.1578947368421,68,1399,558.0882087568798,311462.4487534626,0.6722675436746793,350.57142857142856,131,1399,437.0399972355774,191003.95918367352,1.2466503588626903,1109.9166666666667,68,1294,411.45644936277546,169296.40972222222,0.37070931694221076,0.016254001193576388,0.0,0.12590408325195312,0.03355789837664653,0.0011261325434573357,0.048744002978006996,0.0,0.2063610553741455,0.0720271508518291,0.005187910459832147,0.015151630748401989,6.079673767089844e-05,0.09705519676208496,0.0324499889291981,0.0010530017815050792,14,5,0.7368421052631579,0.2631578947368421,0,0.0,1.0,14,1,4,0,0,0.05263157894736842,0.21052631578947367,0.0,0.7368421052631579,0.0,0.9494520153879484,2.078491674029184,0.292572021484375
normal_traffic_recording_21.pcap,172.19.0.23:45417->172.19.0.8:443,19,172.19.0.23,45417,172.19.0.8,443,19,8,11,13766,5121,8645,724.5263157894736,68,1399,579.8442048852935,336219.3019390582,0.8003079974444702,640.125,131,1399,593.3475873170801,352061.359375,0.9269245652287914,785.9090909090909,68,1294,561.9156285010401,315749.173553719,0.7149880755941518,0.025784836875067815,0.0,0.1422710418701172,0.04511154407327248,0.0020350514086748053,0.06623588289533343,0.0,0.2792501449584961,0.09390364108562115,0.008817893809137155,0.03272559642791748,1.6927719116210938e-05,0.2681729793548584,0.07940848365044467,0.006305707275662939,8,11,0.42105263157894735,0.5789473684210527,0,0.0,1.0,8,4,7,0,0,0.21052631578947367,0.3684210526315789,0.0,0.42105263157894735,0.0,0.9819407868640977,2.7205827761460126,0.4641270637512207
normal_traffic_recording_21.pcap,172.19.0.18:39189->172.19.0.8:443,19,172.19.0.18,39189,172.19.0.8,443,19,8,11,12247,2606,9641,644.578947368421,68,1399,569.1939190219126,323981.71745152364,0.8830476411706002,325.75,131,1399,413.9467809996836,171351.9375,1.2707499032991054,876.4545454545455,68,1294,554.3376659887764,307290.24793388427,0.6324773701770087,0.03988827599419488,2.5987625122070312e-05,0.46965909004211426,0.10773011105265898,0.011605776827418235,0.1024242809840611,4.696846008300781e-05,0.49291396141052246,0.1669986181929798,0.02788853847836464,0.06948390007019042,2.5987625122070312e-05,0.5091121196746826,0.15214743627169924,0.02314884236405078,10,9,0.5263157894736842,0.47368421052631576,0,0.0,1.0,10,1,8,0,0,0.05263157894736842,0.42105263157894735,0.0,0.5263157894736842,0.0,0.9819407868640977,2.6078612261419973,0.7179889678955078
normal_traffic_recording_21.pcap,172.19.0.29:53408->172.19.0.8:443,19,172.19.0.29,53408,172.19.0.8,443,19,7,12,13402,2475,10927,705.3684210526316,68,1399,573.2907052159319,328662.23268698057,0.8127535740264666,353.57142857142856,131,1399,435.47506313478493,189638.53061224494,1.2316466432094928,910.5833333333334,68,1294,543.5551886014479,295452.2430555555,0.5969307461533243,0.054173045688205294,3.2901763916015625e-05,0.6037640571594238,0.14291066422636997,0.020423457949622262,0.16241931915283203,0.00041294097900390625,0.6394329071044922,0.23269975736608497,0.05414917707823482,0.08541144024242055,3.2901763916015625e-05,0.6478860378265381,0.19069520110550345,0.0363646597246684,10,9,0.5263157894736842,0.47368421052631576,0,0.0,1.0,10,1,8,0,0,0.05263157894736842,0.42105263157894735,0.0,0.5263157894736842,0.0,0.9494520153879484,2.5239860659612976,0.9751148223876953
normal_traffic_recording_21.pcap,172.19.0.28:40347->172.19.0.8:443,19,172.19.0.28,40347,172.19.0.8,443,19,7,12,14571,2476,12095,766.8947368421053,68,1399,570.2397367254586,325173.35734072025,0.7435697617036382,353.7142857142857,131,1399,435.48649783422496,189648.4897959184,1.231181536688035,1007.9166666666666,68,1294,496.54044117495835,246552.40972222225,0.4926403715667218,0.043218784862094455,0.0,0.38048291206359863,0.09297434752443345,0.008644229297594124,0.12800065676371256,0.0,0.5436019897460938,0.19429252929834775,0.03774958694114932,0.06587982177734375,2.8848648071289062e-05,0.4530668258666992,0.14491203714969203,0.020999498510873724,12,7,0.631578947368421,0.3684210526315789,0,0.0,1.0,12,1,6,0,0,0.05263157894736842,0.3157894736842105,0.0,0.631578947368421,0.0,0.9494520153879484,2.2856005389623077,0.7779381275177002
normal_traffic_recording_21.pcap,172.19.0.24:34497->172.19.0.8:443,19,172.19.0.24,34497,172.19.0.8,443,19,6,13,16933,2323,14610,891.2105263157895,68,1399,541.5595976288607,293286.7977839335,0.6076674159893908,387.1666666666667,131,1399,462.02107335296097,213463.47222222216,1.1933389755134591,1123.8461538461538,68,1294,398.4349857502758,158750.4378698225,0.3545280502911421,0.015343387921651205,9.5367431640625e-07,0.07310700416564941,0.025071608774291182,0.0006285855665311145,0.05371098518371582,9.5367431640625e-07,0.13962101936340332,0.052527988810733006,0.0027591896085004917,0.017494261264801025,5.698204040527344e-05,0.13506698608398438,0.0408723335563388,0.0016705476503406185,14,5,0.7368421052631579,0.2631578947368421,0,0.0,1.0,14,1,4,0,0,0.05263157894736842,0.21052631578947367,0.0,0.7368421052631579,0.0,0.8997437586982626,1.9948414446449676,0.2761809825897217
normal_traffic_recording_21.pcap,172.19.0.22:51794->172.19.0.8:443,19,172.19.0.22,51794,172.19.0.8,443,19,6,13,16938,2323,14615,891.4736842105264,68,1399,541.286028913506,292990.5650969529,0.6071811636177007,387.1666666666667,131,1399,462.02107335296097,213463.47222222216,1.1933389755134591,1124.2307692307693,68,1294,397.66629880730477,158138.4852071006,0.3537230163869286,0.04034344355265299,0.0,0.5466749668121338,0.12475121695468783,0.015562866131675592,0.14504542350769042,0.0,0.5466749668121338,0.20360484096700143,0.04145493126519795,0.0575327475865682,5.984306335449219e-05,0.6358950138092041,0.17499922070851345,0.030624727248587003,14,5,0.7368421052631579,0.2631578947368421,0,0.0,1.0,14,1,4,0,0,0.05263157894736842,0.21052631578947367,0.0,0.7368421052631579,0.0,0.8997437586982626,1.9948414446449676,0.7261819839477539
normal_traffic_recording_21.pcap,172.19.0.23:47055->172.19.0.8:443,19,172.19.0.23,47055,172.19.0.8,443,19,7,12,14930,4989,9941,785.7894736842105,68,1399,575.1018746317787,330742.16620498616,0.7318778042869254,712.7142857142857,131,1399,600.1073033301661,360128.7755102041,0.842002630449221,828.4166666666666,68,1294,555.5788960374775,308667.90972222225,0.670651519208302,0.051700711250305176,0.0,0.5258328914642334,0.13465382393494219,0.01813165230030241,0.15435115496317545,0.0,0.5789010524749756,0.218879059110584,0.04790804251713452,0.008869908072731712,2.47955322265625e-05,0.09345698356628418,0.026760004804167518,0.0007160978571190686,8,11,0.42105263157894735,0.5789473684210527,0,0.0,1.0,8,4,7,0,0,0.21052631578947367,0.3684210526315789,0.0,0.42105263157894735,0.0,0.9494520153879484,2.647592147308496,0.9306128025054932
normal_traffic_recording_21.pcap,172.19.0.19:32798->172.19.0.8:443,19,172.19.0.19,32798,172.19.0.8,443,19,11,8,6439,2947,3492,338.89473684210526,66,1399,436.12865010909724,190208.19944598337,1.2869147929915898,267.90909090909093,131,1399,361.78332404039713,130887.173553719,1.3503958481317841,436.5,66,1294,505.2912526454421,255319.25,1.1575973714672214,0.14071827464633518,0.0,1.3309907913208008,0.3103973281891035,0.09634650134693401,0.2532928943634033,0.0,1.770702838897705,0.5153005277469445,0.26553463389627946,0.3366729872567313,3.719329833984375e-05,1.3911778926849365,0.5011329488251246,0.25113423239816496,11,8,0.5789473684210527,0.42105263157894735,0,0.0,1.0,11,1,7,0,0,0.05263157894736842,0.3684210526315789,0.0,0.5789473684210527,0.0,0.9819407868640977,2.584262225315332,2.532928943634033
normal_traffic_recording_21.pcap,172.19.0.30:60988->172.19.0.8:443,19,172.19.0.30,60988,172.19.0.8,443,19,5,14,16878,2191,14687,888.3157894736842,69,1399,545.8887541028442,297994.5318559556,0.6145210527286433,438.2,131,1399,490.3335191479367,240426.96000000002,1.118971974322083,1049.0714285714287,69,1294,469.41809939628064,220353.3520408164,0.44746056999713546,0.05164761013454861,3.790855407714844e-05,0.40592193603515625,0.10000684380575349,0.010001368807988376,0.23082250356674194,0.05661582946777344,0.442626953125,0.15799299371580736,0.024961786063283142,0.05740222564110389,3.790855407714844e-05,0.4119679927825928,0.12078570908652946,0.014589187519535723,14,5,0.7368421052631579,0.2631578947368421,0,0.0,1.0,14,1,4,0,0,0.05263157894736842,0.21052631578947367,0.0,0.7368421052631579,0.0,0.8314743880097293,2.034572365811466,0.929656982421875
normal_traffic_recording_21.pcap,172.19.0.18:52379->172.19.0.8:443,19,172.19.0.18,52379,172.19.0.8,443,19,7,12,15783,2465,13318,830.6842105263158,68,1399,557.4154694123282,310712.0055401662,0.6710317378720291,352.14285714285717,131,1399,436.2667691648666,190328.69387755104,1.238891433733901,1109.8333333333333,68,1294,411.6150777391691,169426.97222222222,0.3708800820596208,0.044268939230177135,0.0,0.2425551414489746,0.07135923000383283,0.0050921397067399165,0.13268216451009116,0.0,0.32447099685668945,0.10253017510275142,0.010512436806600868,0.06003308296203613,3.0994415283203125e-05,0.4158589839935303,0.1323959108426094,0.017528677207844175,13,6,0.6842105263157895,0.3157894736842105,0,0.0,1.0,13,1,5,0,0,0.05263157894736842,0.2631578947368421,0.0,0.6842105263157895,0.0,0.9494520153879484,2.1440239107574226,0.7968409061431885
normal_traffic_recording_21.pcap,172.19.0.25:46509->172.19.0.8:443,19,172.19.0.25,46509,172.19.0.8,443,19,6,13,16932,2322,14610,891.1578947368421,68,1399,541.608448892147,293339.71191135736,0.6077581224279939,387.0,131,1399,462.0205623129776,213463.0,1.1938515822040765,1123.8461538461538,68,1294,398.4349857502758,158750.4378698225,0.3545280502911421,0.01206917232937283,3.1948089599609375e-05,0.09730291366577148,0.025781978197357912,0.0006647103997690387,0.04329361915588379,5.602836608886719e-05,0.15451693534851074,0.05720169744683969,0.0032720341907997866,0.013341665267944336,3.1948089599609375e-05,0.10140013694763184,0.03100058765726458,0.0009610364350957449,14,5,0.7368421052631579,0.2631578947368421,0,0.0,1.0,14,1,4,0,0,0.05263157894736842,0.21052631578947367,0.0,0.7368421052631579,0.0,0.8997437586982626,1.9948414446449676,0.21724510192871094
normal_traffic_recording_21.pcap,172.19.0.21:33866->172.19.0.8:443,19,172.19.0.21,33866,172.19.0.8,443,19,6,13,16932,2322,14610,891.1578947368421,68,1399,541.608448892147,293339.71191135736,0.6077581224279939,387.0,131,1399,462.0205623129776,213463.0,1.1938515822040765,1123.8461538461538,68,1294,398.4349857502758,158750.4378698225,0.3545280502911421,0.009270668029785156,9.5367431640625e-07,0.07314801216125488,0.019500170046993445,0.0003802566318616603,0.03284521102905273,9.5367431640625e-07,0.11994099617004395,0.0446350414906403,0.0019922869288711807,0.010014673074086508,4.1961669921875e-05,0.1019449234008789,0.028127945628384426,0.0007911813252733505,14,5,0.7368421052631579,0.2631578947368421,0,0.0,1.0,14,1,4,0,0,0.05263157894736842,0.21052631578947367,0.0,0.7368421052631579,0.0,0.8997437586982626,1.9948414446449676,0.1668720245361328
normal_traffic_recording_21.pcap,172.19.0.27:34581->172.19.0.8:443,19,172.19.0.27,34581,172.19.0.8,443,19,6,13,16932,2322,14610,891.1578947368421,68,1399,541.608448892147,293339.71191135736,0.6077581224279939,387.0,131,1399,462.0205623129776,213463.0,1.1938515822040765,1123.8461538461538,68,1294,398.4349857502758,158750.4378698225,0.3545280502911421,0.012784997622172037,4.887580871582031e-05,0.10066390037536621,0.02493974540772218,0.0006219909010019996,0.045825624465942384,0.0068700313568115234,0.13764691352844238,0.047111117412874805,0.002219457383889676,0.016105492909749348,4.887580871582031e-05,0.14751601219177246,0.04151030164361491,0.0017231051425438985,14,5,0.7368421052631579,0.2631578947368421,0,0.0,1.0,14,1,4,0,0,0.05263157894736842,0.21052631578947367,0.0,0.7368421052631579,0.0,0.8997437586982626,1.9948414446449676,0.23012995719909668
normal_traffic_recording_21.pcap,172.19.0.19:39470->172.19.0.8:443,19,172.19.0.19,39470,172.19.0.8,443,19,4,15,20477,2053,18424,1077.7368421052631,131,1399,432.92965784600534,187428.08864265928,0.40170256869043813,513.25,131,1399,521.052960360077,271496.1875,1.0152030401560195,1228.2666666666667,332,1294,239.53829663658286,57378.59555555556,0.19502140954997518,0.016191826926337347,2.5033950805664062e-05,0.14678311347961426,0.03681369147244955,0.0013552478798287044,0.08876999219258626,0.001974821090698242,0.21097803115844727,0.08892370835879228,0.007907425908279543,0.016241277967180525,2.5033950805664062e-05,0.22685003280639648,0.05841236270193108,0.003412004116421949,14,5,0.7368421052631579,0.2631578947368421,0,0.0,1.0,14,1,4,0,0,0.05263157894736842,0.21052631578947367,0.0,0.7368421052631579,0.0,0.7424875695421236,1.442508097190614,0.29145288467407227
normal_traffic_recording_21.pcap,172.19.0.26:33775->172.19.0.8:443,19,172.19.0.26,33775,172.19.0.8,443,19,9,10,13827,5251,8576,727.7368421052631,68,1399,576.3406195083692,332168.5096952908,0.7919629544123103,583.4444444444445,131,1399,581.8827890966647,338587.5802469136,0.9973233863778295,857.6,68,1294,539.2482174286718,290788.64,0.6287875669644026,0.03638173474205865,0.0,0.2649102210998535,0.07257358999491688,0.005266925964750299,0.08185890316963196,0.0,0.4525411128997803,0.1440834167435781,0.020760030980503608,0.04322764608595106,4.696846008300781e-05,0.19573402404785156,0.06805729294879248,0.00463179512351776,8,11,0.42105263157894735,0.5789473684210527,0,0.0,1.0,8,4,7,0,0,0.21052631578947367,0.3684210526315789,0.0,0.42105263157894735,0.0,0.9980008838722996,2.655050539417774,0.6548712253570557
normal_traffic_recording_21.pcap,172.19.0.20:45428->172.19.0.8:443,19,172.19.0.20,45428,172.19.0.8,443,19,6,13,16940,2323,14617,891.578947368421,68,1399,541.177207653004,292872.7700831026,0.6069874229874307,387.1666666666667,131,1399,462.02107335296097,213463.47222222216,1.1933389755134591,1124.3846153846155,68,1294,397.3596585271989,157894.69822485212,0.35340189921691084,0.029009222984313965,1.3828277587890625e-05,0.199815034866333,0.06114282976218582,0.003738445631327636,0.10353541374206543,0.002637147903442383,0.36310791969299316,0.1372106579429448,0.018826764653135798,0.029909173647562664,1.3828277587890625e-05,0.21078014373779297,0.06752130496889011,0.004559126624701864,14,5,0.7368421052631579,0.2631578947368421,0,0.0,1.0,14,1,4,0,0,0.05263157894736842,0.21052631578947367,0.0,0.7368421052631579,0.0,0.8997437586982626,1.9948414446449676,0.5221660137176514
normal_traffic_recording_21.pcap,172.19.0.23:41822->172.19.0.8:443,19,172.19.0.23,41822,172.19.0.8,443,19,8,11,14988,5120,9868,788.8421052631579,68,1399,571.3583319514162,326450.3434903047,0.7242999938001673,640.0,131,1399,593.400581395064,352124.25,0.9271884084297876,897.0909090909091,68,1294,529.1017181026476,279948.62809917354,0.5897972131261779,0.056471440527174205,0.0,0.671396017074585,0.15608045267141588,0.02436110770611409,0.14514929907662527,0.0,0.8556480407714844,0.291816872120936,0.0851570868544467,0.0832441806793213,1.5974044799804688e-05,0.6718490123748779,0.1990556433902222,0.03962314916549531,8,11,0.42105263157894735,0.5789473684210527,0,0.0,1.0,8,4,7,0,0,0.21052631578947367,0.3684210526315789,0.0,0.42105263157894735,0.0,0.9819407868640977,2.6078612261419973,1.0164859294891357
normal_traffic_recording_21.pcap,172.19.0.25:35363->172.19.0.8:443,19,172.19.0.25,35363,172.19.0.8,443,19,8,11,14610,2584,12026,768.9473684210526,68,1399,567.7292232342171,322316.4709141275,0.7383200028371064,323.0,131,1399,415.1930273981007,172385.25,1.2854273294058844,1093.2727272727273,68,1294,426.07320986573336,181538.38016528924,0.38972270983893786,0.015388223859998915,0.0,0.10027694702148438,0.027551863353240454,0.0007591051742356343,0.03956971849714007,0.0,0.15703201293945312,0.051241645267822364,0.002625706209753342,0.022002696990966797,5.602836608886719e-05,0.15081501007080078,0.04729146036389516,0.002236482223349867,14,5,0.7368421052631579,0.2631578947368421,0,0.0,1.0,14,1,4,0,0,0.05263157894736842,0.21052631578947367,0.0,0.7368421052631579,0.0,0.9819407868640977,2.1353503825268683,0.27698802947998047
normal_traffic_recording_21.pcap,172.19.0.22:37412->172.19.0.8:443,19,172.19.0.22,37412,172.19.0.8,443,19,12,7,6321,3131,3190,332.6842105263158,68,1399,438.9246491659239,192654.84764542934,1.319343194771801,260.9166666666667,131,1399,350.26310547295094,122684.24305555555,1.3424328539365733,455.7142857142857,68,1294,537.2508630015575,288638.4897959183,1.1789203890316309,0.039709660742017955,0.0,0.20348310470581055,0.0518356106817164,0.0026869305347464716,0.06382998553189365,0.0,0.339536190032959,0.09499851173644645,0.009024717232139753,0.11580248673756917,5.984306335449219e-05,0.38320493698120117,0.14885789801116994,0.022158673800303872,12,7,0.631578947368421,0.3684210526315789,0,0.0,1.0,12,1,6,0,0,0.05263157894736842,0.3157894736842105,0.0,0.631578947368421,0.0,0.9494520153879484,2.6078612261419973,0.7147738933563232
normal_traffic_recording_21.pcap,172.19.0.27:52995->172.19.0.8:443,19,172.19.0.27,52995,172.19.0.8,443,19,8,11,13412,2607,10805,705.8947368421053,68,1399,572.7787204530891,328075.46260387806,0.8114222851631891,325.875,131,1399,413.96571038553424,171367.609375,1.2703205535421074,982.2727272727273,68,1294,510.52024996060123,260630.92561983477,0.5197337112046843,0.06004994445376926,0.0,0.5249629020690918,0.12293593944865863,0.015113245208124262,0.1348520006452288,0.0,0.6580328941345215,0.22200158669954803,0.049284704497116937,0.09609408378601074,4.696846008300781e-05,0.583298921585083,0.19733506231026016,0.038941126816994256,12,7,0.631578947368421,0.3684210526315789,0,0.0,1.0,12,1,6,0,0,0.05263157894736842,0.3157894736842105,0.0,0.631578947368421,0.0,0.9819407868640977,2.484255144794799,1.0808990001678467
normal_traffic_recording_21.pcap,172.19.0.20:43492->172.19.0.8:443,19,172.19.0.20,43492,172.19.0.8,443,19,8,11,13777,5121,8656,725.1052631578947,69,1399,579.4247505511363,335733.0415512465,0.7990905320803942,640.125,131,1399,593.3475873170801,352061.359375,0.9269245652287914,786.9090909090909,69,1294,561.0580029236087,314786.0826446281,0.7129896063031071,0.0539576080110338,0.0,0.37608790397644043,0.10298636508145648,0.010606191392691037,0.13543527466910227,0.0,0.4168879985809326,0.14801923738837086,0.021909694637034884,0.029735612869262695,1.6927719116210938e-05,0.10574197769165039,0.03821687035175459,0.0014605291794828191,8,11,0.42105263157894735,0.5789473684210527,0,0.0,1.0,8,4,7,0,0,0.21052631578947367,0.3684210526315789,0.0,0.42105263157894735,0.0,0.9819407868640977,2.7205827761460126,0.9712369441986084
normal_traffic_recording_21.pcap,172.19.0.29:60628->172.19.0.8:443,19,172.19.0.29,60628,172.19.0.8,443,19,6,13,16939,2323,14616,891.5263157894736,68,1399,541.2315749552421,292931.6177285318,0.6070842389839778,387.1666666666667,131,1399,462.02107335296097,213463.47222222216,1.1933389755134591,1124.3076923076924,68,1294,397.5129189222146,158016.52071005918,0.35356239367739395,0.043917444017198354,0.0,0.6372358798980713,0.14509775792919619,0.021053359356079614,0.142744779586792,0.0,0.6372358798980713,0.247682782454549,0.06134676072442744,0.06332876284917195,4.601478576660156e-05,0.7217419147491455,0.19878755632034234,0.039516492547813274,14,5,0.7368421052631579,0.2631578947368421,0,0.0,1.0,14,1,4,0,0,0.05263157894736842,0.21052631578947367,0.0,0.7368421052631579,0.0,0.8997437586982626,1.9948414446449676,0.7905139923095703
normal_traffic_recording_21.pcap,172.19.0.28:43999->172.19.0.8:443,19,172.19.0.28,43999,172.19.0.8,443,19,5,14,16871,2192,14679,887.9473684210526,68,1399,546.2964756752326,298439.83933518006,0.615235198733295,438.4,131,1399,490.3132060224362,240407.03999999998,1.1184151597227103,1048.5,68,1294,470.33251915153454,221212.67857142858,0.44857655617695236,0.007305277718438042,0.0,0.062397003173828125,0.016334125502294877,0.00026680365592471984,0.03266853094100952,0.0,0.09289908409118652,0.037473551561078317,0.001404267066600795,0.0077736194317157455,2.6941299438476562e-05,0.09257006645202637,0.024563687788962,0.0006033747577936008,14,5,0.7368421052631579,0.2631578947368421,0,0.0,1.0,14,1,4,0,0,0.05263157894736842,0.21052631578947367,0.0,0.7368421052631579,0.0,0.8314743880097293,2.034572365811466,0.13149499893188477
normal_traffic_recording_21.pcap,172.19.0.25:40804->172.19.0.8:443,19,172.19.0.25,40804,172.19.0.8,443,19,5,14,16876,2192,14684,888.2105263157895,68,1399,546.0268529108463,298145.32409972296,0.6147493603523394,438.4,131,1399,490.3132060224362,240407.03999999998,1.1184151597227103,1048.857142857143,68,1294,469.7853396032304,220698.2653061225,0.4479021216593044,0.0373564428753323,5.507469177246094e-05,0.44316792488098145,0.10536857089795927,0.011102535733078268,0.1680150032043457,0.00040793418884277344,0.4906289577484131,0.19906496218728342,0.039626859170624584,0.04808306694030762,5.507469177246094e-05,0.604794979095459,0.1607814216287299,0.02585066554095542,14,5,0.7368421052631579,0.2631578947368421,0,0.0,1.0,14,1,4,0,0,0.05263157894736842,0.21052631578947367,0.0,0.7368421052631579,0.0,0.8314743880097293,2.034572365811466,0.6724159717559814
normal_traffic_recording_21.pcap,172.19.0.28:42210->172.19.0.8:443,19,172.19.0.28,42210,172.19.0.8,443,19,8,11,14610,2584,12026,768.9473684210526,68,1399,567.7292232342171,322316.4709141275,0.7383200028371064,323.0,131,1399,415.1930273981007,172385.25,1.2854273294058844,1093.2727272727273,68,1294,426.07320986573336,181538.38016528924,0.38972270983893786,0.014594713846842447,0.0,0.10384106636047363,0.030517178511942036,0.0009312981843297368,0.037527152470179966,0.0,0.19845986366271973,0.06622287658567343,0.004385469383281333,0.015886378288269044,5.793571472167969e-05,0.12404298782348633,0.037373024637327355,0.0013967429705422775,14,5,0.7368421052631579,0.2631578947368421,0,0.0,1.0,14,1,4,0,0,0.05263157894736842,0.21052631578947367,0.0,0.7368421052631579,0.0,0.9819407868640977,2.1353503825268683,0.26270484924316406
normal_traffic_recording_21.pcap,172.19.0.22:43071->172.19.0.8:443,19,172.19.0.22,43071,172.19.0.8,443,19,8,11,12239,2607,9632,644.1578947368421,68,1399,569.4314119926902,324252.13296398893,0.8839935311594994,325.875,131,1399,413.96571038553424,171367.609375,1.2703205535421074,875.6363636363636,68,1294,555.1422868757936,308182.95867768594,0.633987246224432,0.039935549100240074,9.5367431640625e-07,0.4446260929107666,0.10236859874813019,0.010479330009655681,0.10230483327593122,9.5367431640625e-07,0.4719679355621338,0.1569634865305509,0.02463753610382643,0.06916720867156982,6.508827209472656e-05,0.4661271572113037,0.1394917654358812,0.019457952624418903,10,9,0.5263157894736842,0.47368421052631576,0,0.0,1.0,10,1,8,0,0,0.05263157894736842,0.42105263157894735,0.0,0.5263157894736842,0.0,0.9819407868640977,2.6078612261419973,0.7188398838043213
normal_traffic_recording_21.pcap,172.19.0.30:41962->172.19.0.8:443,19,172.19.0.30,41962,172.19.0.8,443,19,8,11,12238,2606,9632,644.1052631578947,68,1399,569.4550390954904,324279.04155124654,0.8841024467081483,325.75,131,1399,413.9467809996836,171351.9375,1.2707499032991054,875.6363636363636,68,1294,555.1422868757936,308182.95867768594,0.633987246224432,0.044650223520067006,0.0,0.527169942855835,0.12044304463919125,0.014506527001958218,0.11393512998308454,0.0,0.5501179695129395,0.18710807643172891,0.03500943226598171,0.078086519241333,2.5987625122070312e-05,0.5855598449707031,0.17362901375669748,0.030147034418123442,10,9,0.5263157894736842,0.47368421052631576,0,0.0,1.0,10,1,8,0,0,0.05263157894736842,0.42105263157894735,0.0,0.5263157894736842,0.0,0.9819407868640977,2.6078612261419973,0.803704023361206
