file,flow_id,window_size,client_ip,client_port,server_ip,server_port,total_packets,outgoing_packets,incoming_packets,total_bytes,outgoing_bytes,incoming_bytes,packet_size_mean,packet_size_min,packet_size_max,packet_size_std,packet_size_var,packet_size_cv,packet_size_out_mean,packet_size_out_min,packet_size_out_max,packet_size_out_std,packet_size_out_var,packet_size_out_cv,packet_size_in_mean,packet_size_in_min,packet_size_in_max,packet_size_in_std,packet_size_in_var,packet_size_in_cv,iat_mean,iat_min,iat_max,iat_std,iat_var,iat_out_mean,iat_out_min,iat_out_max,iat_out_std,iat_out_var,iat_in_mean,iat_in_min,iat_in_max,iat_in_std,iat_in_var,short_header_count,long_header_count,short_header_ratio,long_header_ratio,spin_bit_count,spin_bit_ratio,no_spin_bit_ratio,initial_packets,handshake_packets,onertt_packets,zerortt_packets,retry_packets,initial_ratio,handshake_ratio,zerortt_ratio,onertt_ratio,retry_ratio,entropy_direction,entropy_packet_size,duration
traffic_record_GET_FLOOD.pcap,172.16.0.35:33107->172.19.0.8:443,26,172.16.0.35,33107,172.19.0.8,443,26,11,15,21892,3430,18462,842.0,86,1294,572.2110960664241,327425.53846153844,0.6795856247819764,311.8181818181818,86,1294,463.15632903369357,214513.785123967,1.485340996901058,1230.8,370,1294,230.0594705722849,52927.36000000002,0.18691864687380966,0.0007042789459228516,1.6927719116210938e-05,0.01011800765991211,0.002016310866030594,4.065509508473043e-06,0.0017397880554199218,2.6941299438476562e-05,0.01011800765991211,0.002971961371679923,8.83255439475761e-06,0.0005181346620832171,9.393692016601562e-05,0.005450010299682617,0.001369282735387225,1.874935209429521e-06,19,7,0.7307692307692307,0.2692307692307692,0,0.0,1.0,2,5,19,0,0,0.07692307692307693,0.19230769230769232,0.0,0.7307692307692307,0.0,0.9828586897127056,1.5654483718208254,0.01760697364807129
traffic_record_GET_FLOOD.pcap,172.16.0.35:53271->172.19.0.8:443,26,172.16.0.35,53271,172.19.0.8,443,26,8,18,25519,3172,22347,981.5,86,1294,514.9770159172901,265201.32692307694,0.5246836636956599,396.5,86,1294,518.3268756296552,268662.75,1.3072556762412488,1241.5,377,1294,209.67335707396555,43962.916666666664,0.168887118061994,0.0010813999176025391,0.0,0.020666122436523438,0.004042826944427884,1.63444497025921e-05,0.0038434437343052457,0.0,0.02115797996520996,0.0071369760426804076,5.093642703379409e-05,0.0003746397355023552,2.3126602172851562e-05,0.005115032196044922,0.0011946805775855042,1.427261682460034e-06,19,7,0.7307692307692307,0.2692307692307692,0,0.0,1.0,2,5,19,0,0,0.07692307692307693,0.19230769230769232,0.0,0.7307692307692307,0.0,0.8904916402194913,1.3363816313106462,0.027034997940063477
traffic_record_GET_FLOOD.pcap,172.16.0.35:55948->172.19.0.8:443,26,172.16.0.35,55948,172.19.0.8,443,26,7,19,26720,3086,23634,1027.6923076923076,86,1294,486.11511530237755,236307.9053254438,0.4730162050097985,440.85714285714283,86,1294,539.7246463499245,291302.693877551,1.224261997553296,1243.8947368421052,370,1294,205.9805547124961,42427.988919667594,0.16559323599633688,0.001004161834716797,0.0,0.013190031051635742,0.0028830818958601786,8.312161218236722e-06,0.003823359807332357,0.0,0.013725996017456055,0.005217037417589041,2.721747941652413e-05,0.0006618897120157877,9.512901306152344e-05,0.009161949157714844,0.002065644197469886,4.26688595054101e-06,19,7,0.7307692307692307,0.2692307692307692,0,0.0,1.0,2,5,19,0,0,0.07692307692307693,0.19230769230769232,0.0,0.7307692307692307,0.0,0.8403586716091171,1.2220334913046595,0.025104045867919922
traffic_record_GET_FLOOD.pcap,172.16.0.35:51421->172.19.0.8:443,26,172.16.0.35,51421,172.19.0.8,443,26,8,18,25512,3172,22340,981.2307692307693,86,1294,515.2947108725787,265528.63905325445,0.5251513986628663,396.5,86,1294,518.3268756296552,268662.75,1.3072556762412488,1241.111111111111,370,1294,211.27677710342394,44637.87654320988,0.17023196006542662,0.0010941600799560546,1.5020370483398438e-05,0.019273996353149414,0.003777862631044814,1.4272246059044843e-05,0.003890446254185268,3.0040740966796875e-05,0.019273996353149414,0.006502809899181808,4.228653658489691e-05,0.0003573473762063419,2.384185791015625e-05,0.005241870880126953,0.0012226346479134005,1.4948354822783245e-06,19,7,0.7307692307692307,0.2692307692307692,0,0.0,1.0,2,5,19,0,0,0.07692307692307693,0.19230769230769232,0.0,0.7307692307692307,0.0,0.8904916402194913,1.3363816313106462,0.027354001998901367
traffic_record_GET_FLOOD.pcap,172.16.0.35:48508->172.19.0.8:443,26,172.16.0.35,48508,172.19.0.8,443,26,11,15,21897,3430,18467,842.1923076923077,86,1294,572.0532532520141,327244.924556213,0.6792430280199281,311.8181818181818,86,1294,463.15632903369357,214513.785123967,1.485340996901058,1231.1333333333334,375,1294,228.81225685895612,52355.04888888891,0.18585497660065747,0.0006912040710449218,0.0,0.009739160537719727,0.001934100527960528,3.7407448522571928e-06,0.0016937017440795898,0.0,0.010132074356079102,0.0029448716326230515,8.672268932627957e-06,0.0005386386598859515,9.989738464355469e-05,0.0053920745849609375,0.0013522474105159472,1.8285730592470848e-06,19,7,0.7307692307692307,0.2692307692307692,0,0.0,1.0,2,5,19,0,0,0.07692307692307693,0.19230769230769232,0.0,0.7307692307692307,0.0,0.9828586897127056,1.5654483718208254,0.017280101776123047
traffic_record_GET_FLOOD.pcap,172.16.0.35:45190->172.19.0.8:443,26,172.16.0.35,45190,172.19.0.8,443,26,11,15,21904,3430,18474,842.4615384615385,86,1294,571.8349163855187,326995.1715976331,0.6787667926416858,311.8181818181818,86,1294,463.15632903369357,214513.785123967,1.485340996901058,1231.6,382,1294,227.06615776024398,51559.04000000001,0.1843668055864274,0.0006622886657714844,0.0,0.00912618637084961,0.0018230822704892282,3.3236289649721595e-06,0.0016349077224731446,0.0,0.009534120559692383,0.002775668352560642,7.704334803406708e-06,0.0005307878766741071,0.000102996826171875,0.005313873291015625,0.0013336073519955383,1.7785085692965518e-06,19,7,0.7307692307692307,0.2692307692307692,0,0.0,1.0,2,5,19,0,0,0.07692307692307693,0.19230769230769232,0.0,0.7307692307692307,0.0,0.9828586897127056,1.5654483718208254,0.01655721664428711
traffic_record_GET_FLOOD.pcap,172.16.0.35:43568->172.19.0.8:443,26,172.16.0.35,43568,172.19.0.8,443,26,9,17,24309,3258,21051,934.9615384615385,86,1294,538.7167430941245,290215.72928994085,0.5761913414968627,362.0,86,1294,498.3305462575351,248333.33333333334,1.3766037189434672,1238.2941176470588,375,1294,215.82448334805932,46580.20761245674,0.17429177791634642,0.0010064888000488282,0.0,0.012912988662719727,0.0026546146235134718,7.046978799371571e-06,0.0031337738037109375,0.0,0.012912988662719727,0.004693854636224516,2.2032271346006382e-05,0.0006868243217468262,2.5033950805664062e-05,0.006287097930908203,0.0017329884784165596,3.0032490663245426e-06,19,7,0.7307692307692307,0.2692307692307692,0,0.0,1.0,2,5,19,0,0,0.07692307692307693,0.19230769230769232,0.0,0.7307692307692307,0.0,0.9305861291319928,1.4289531786810297,0.025162220001220703
traffic_record_GET_FLOOD.pcap,172.16.0.35:49023->172.19.0.8:443,26,172.16.0.35,49023,172.19.0.8,443,26,12,14,20690,3516,17174,795.7692307692307,86,1294,582.5266786688372,339337.3313609467,0.732029659032855,293.0,86,1294,447.80911111767256,200533.0,1.5283587410159474,1226.7142857142858,374,1294,236.50141303456712,55932.918367346916,0.192792580789795,0.0007700443267822266,0.0,0.008868932723999023,0.001923119892023868,3.698390119097894e-06,0.0017501007426868785,0.0,0.009535074234008789,0.002842533309081208,8.079995613236162e-06,0.0007974734673133263,9.608268737792969e-05,0.00812387466430664,0.0021247248078753345,4.514455509200877e-06,19,7,0.7307692307692307,0.2692307692307692,0,0.0,1.0,2,5,19,0,0,0.07692307692307693,0.19230769230769232,0.0,0.7307692307692307,0.0,0.9957274520849255,1.6137149724283613,0.019251108169555664
traffic_record_GET_FLOOD.pcap,172.16.0.35:37383->172.19.0.8:443,26,172.16.0.35,37383,172.19.0.8,443,26,9,17,24306,3258,21048,934.8461538461538,86,1294,538.8369735120899,290345.2840236687,0.576391068514537,362.0,86,1294,498.3305462575351,248333.33333333334,1.3766037189434672,1238.1176470588234,372,1294,216.53036259119744,46885.39792387543,0.17488674287582465,0.0013825225830078126,1.3113021850585938e-05,0.02858901023864746,0.005581642299681256,3.115473076159106e-05,0.004318743944168091,3.600120544433594e-05,0.028949975967407227,0.009354436005570175,8.750547298230771e-05,0.0003733783960342407,2.5033950805664062e-05,0.0048160552978515625,0.0011577470520908392,1.3403782366250283e-06,19,7,0.7307692307692307,0.2692307692307692,0,0.0,1.0,2,5,19,0,0,0.07692307692307693,0.19230769230769232,0.0,0.7307692307692307,0.0,0.9305861291319928,1.4289531786810297,0.03456306457519531
traffic_record_GET_FLOOD.pcap,172.16.0.35:42192->172.19.0.8:443,26,172.16.0.35,42192,172.19.0.8,443,26,12,14,20689,3516,17173,795.7307692307693,86,1294,582.5545572134661,339369.81213017745,0.7321000767340189,293.0,86,1294,447.80911111767256,200533.0,1.5283587410159474,1226.642857142857,373,1294,236.75895129943487,56054.80102040817,0.19301376103139162,0.0007071590423583984,0.0,0.010228872299194336,0.0020295717408626316,4.119161451308173e-06,0.0016071796417236328,0.0,0.010228872299194336,0.002898634052618222,8.402079370997937e-06,0.0005385325505183294,9.202957153320312e-05,0.005387067794799805,0.0014004834008917414,1.961353756173298e-06,19,7,0.7307692307692307,0.2692307692307692,0,0.0,1.0,2,5,19,0,0,0.07692307692307693,0.19230769230769232,0.0,0.7307692307692307,0.0,0.9957274520849255,1.6137149724283613,0.01767897605895996
traffic_record_GET_FLOOD.pcap,172.16.0.35:57081->172.19.0.8:443,26,172.16.0.35,57081,172.19.0.8,443,26,12,14,20688,3516,17172,795.6923076923077,86,1294,582.5824979038637,339402.36686390534,0.7321705793455363,293.0,86,1294,447.80911111767256,200533.0,1.5283587410159474,1226.5714285714287,372,1294,237.016489566719,56176.816326530614,0.19323496703552678,0.0006676483154296875,1.9073486328125e-05,0.008959054946899414,0.0017911406947015889,3.20818498821609e-06,0.0015173825350674715,1.9073486328125e-05,0.00934910774230957,0.0026102840575587547,6.813582861145396e-06,0.0005915348346416766,9.298324584960938e-05,0.005704164505004883,0.0014820077617934291,2.196347006015969e-06,19,7,0.7307692307692307,0.2692307692307692,0,0.0,1.0,2,5,19,0,0,0.07692307692307693,0.19230769230769232,0.0,0.7307692307692307,0.0,0.9957274520849255,1.6137149724283613,0.016691207885742188
traffic_record_GET_FLOOD.pcap,172.16.0.35:47361->172.19.0.8:443,26,172.16.0.35,47361,172.19.0.8,443,26,8,18,25523,3172,22351,981.6538461538462,86,1294,514.7969683662222,265015.91863905324,0.5244180220789789,396.5,86,1294,518.3268756296552,268662.75,1.3072556762412488,1241.7222222222222,381,1294,208.7571171256618,43579.53395061728,0.16811901517882477,0.0010055923461914063,0.0,0.015974998474121094,0.003173987521355039,1.0074196785717504e-05,0.00355356080191476,0.0,0.015974998474121094,0.005397275017948232,2.9130577619368095e-05,0.00046270033892463236,2.7894973754882812e-05,0.0068280696868896484,0.0015927116354230609,2.5367303536120013e-06,19,7,0.7307692307692307,0.2692307692307692,0,0.0,1.0,2,5,19,0,0,0.07692307692307693,0.19230769230769232,0.0,0.7307692307692307,0.0,0.8904916402194913,1.3363816313106462,0.025139808654785156
traffic_record_GET_FLOOD.pcap,172.16.0.35:52071->172.19.0.8:443,26,172.16.0.35,52071,172.19.0.8,443,26,8,18,25521,3172,22349,981.5769230769231,86,1294,514.8868563597939,265108.474852071,0.5245506941481385,396.5,86,1294,518.3268756296552,268662.75,1.3072556762412488,1241.611111111111,379,1294,209.21523709352235,43771.015432098764,0.1685030322467852,0.001126880645751953,0.0,0.012931108474731445,0.0026903476895009347,7.237970690403018e-06,0.0036320005144391742,0.0,0.013445138931274414,0.004418911705288898,1.9526780659139236e-05,0.0008965239805333755,0.00012803077697753906,0.01114511489868164,0.0025649613894980572,6.5790269296158054e-06,19,7,0.7307692307692307,0.2692307692307692,0,0.0,1.0,2,5,19,0,0,0.07692307692307693,0.19230769230769232,0.0,0.7307692307692307,0.0,0.8904916402194913,1.3363816313106462,0.028172016143798828
traffic_record_GET_FLOOD.pcap,172.16.0.35:34606->172.19.0.8:443,26,172.16.0.35,34606,172.19.0.8,443,26,9,17,24305,3258,21047,934.8076923076923,86,1294,538.8771816136821,290388.61686390534,0.5764577955957924,362.0,86,1294,498.3305462575351,248333.33333333334,1.3766037189434672,1238.0588235294117,371,1294,216.76565567674425,46987.34948096885,0.17508510222381585,0.0009242439270019531,0.0,0.014744997024536133,0.002942817883555039,8.66017709577136e-06,0.0028882622718811035,0.0,0.015338897705078125,0.004906695000333162,2.407565582629445e-05,0.000520557165145874,2.47955322265625e-05,0.00684809684753418,0.0016481576232222999,2.7164235509857804e-06,19,7,0.7307692307692307,0.2692307692307692,0,0.0,1.0,2,5,19,0,0,0.07692307692307693,0.19230769230769232,0.0,0.7307692307692307,0.0,0.9305861291319928,1.4289531786810297,0.023106098175048828
traffic_record_GET_FLOOD.pcap,172.16.0.35:42187->172.19.0.8:443,26,172.16.0.35,42187,172.19.0.8,443,26,11,15,21899,3430,18469,842.2692307692307,86,1294,571.9905565178171,327173.19674556213,0.6791065559826132,311.8181818181818,86,1294,463.15632903369357,214513.785123967,1.485340996901058,1231.2666666666667,377,1294,228.31337139019158,52126.99555555555,0.18542966976300146,0.0006630420684814453,0.0,0.009138822555541992,0.0018214812662016892,3.3177940031237085e-06,0.0016383886337280273,0.0,0.009556055068969727,0.002776856512183015,7.710932089253219e-06,0.0005312306540352958,8.392333984375e-05,0.005270957946777344,0.0013220822782982178,1.7479015505902066e-06,19,7,0.7307692307692307,0.2692307692307692,0,0.0,1.0,2,5,19,0,0,0.07692307692307693,0.19230769230769232,0.0,0.7307692307692307,0.0,0.9828586897127056,1.5654483718208254,0.016576051712036133
traffic_record_GET_FLOOD.pcap,172.16.0.35:58313->172.19.0.8:443,26,172.16.0.35,58313,172.19.0.8,443,26,11,15,21883,3418,18465,841.6538461538462,86,1294,572.7208302552684,328009.149408284,0.6804707575120861,310.72727272727275,86,1294,463.6725119597963,214992.19834710742,1.4922169782205263,1231.0,373,1294,229.3111423372183,52583.6,0.18628037557856889,0.000847921371459961,9.059906005859375e-06,0.01090693473815918,0.0024045779153586094,5.781994951030356e-06,0.0021023988723754884,2.193450927734375e-05,0.011719942092895508,0.0037410728125909522,1.3995625789107178e-05,0.0007350785391671317,0.00011420249938964844,0.00760197639465332,0.0019168345797277889,3.674254806040209e-06,20,6,0.7692307692307693,0.23076923076923078,0,0.0,1.0,2,4,20,0,0,0.07692307692307693,0.15384615384615385,0.0,0.7692307692307693,0.0,0.9828586897127056,1.4830749314332756,0.021198034286499023
traffic_record_GET_FLOOD.pcap,172.16.0.35:43925->172.19.0.8:443,26,172.16.0.35,43925,172.19.0.8,443,26,8,18,25516,3172,22344,981.3846153846154,86,1294,515.1127641238504,265341.1597633136,0.5248836756239266,396.5,86,1294,518.3268756296552,268662.75,1.3072556762412488,1241.3333333333333,374,1294,210.36053706804316,44251.555555555555,0.16946337572613573,0.0009243965148925781,0.0,0.01719808578491211,0.0033662974756291453,1.1331958694427157e-05,0.0032579898834228516,0.0,0.017535924911499023,0.0059001409937755305,3.481166374643051e-05,0.000347754534553079,2.5033950805664062e-05,0.00477910041809082,0.001114979260733116,1.2431787518649658e-06,19,7,0.7307692307692307,0.2692307692307692,0,0.0,1.0,2,5,19,0,0,0.07692307692307693,0.19230769230769232,0.0,0.7307692307692307,0.0,0.8904916402194913,1.3363816313106462,0.023109912872314453
traffic_record_GET_FLOOD.pcap,172.16.0.35:41624->172.19.0.8:443,26,172.16.0.35,41624,172.19.0.8,443,26,12,14,20697,3516,17181,796.0384615384615,86,1294,582.3332696851937,339112.03698224854,0.731539112519449,293.0,86,1294,447.80911111767256,200533.0,1.5283587410159474,1227.2142857142858,381,1294,234.69864524882254,55083.454081632655,0.19124504007237736,0.0007419967651367187,0.0,0.010419845581054688,0.0020387276521957503,4.156410439827595e-06,0.0016863562844016335,0.0,0.010812997817993164,0.0030032103888652344,9.019272639788073e-06,0.0006224558903620794,9.989738464355469e-05,0.004755973815917969,0.0012320815248569868,1.5180248838939176e-06,19,7,0.7307692307692307,0.2692307692307692,0,0.0,1.0,2,5,19,0,0,0.07692307692307693,0.19230769230769232,0.0,0.7307692307692307,0.0,0.9957274520849255,1.6137149724283613,0.01854991912841797
traffic_record_GET_FLOOD.pcap,172.16.0.35:55411->172.19.0.8:443,26,172.16.0.35,55411,172.19.0.8,443,26,9,17,24312,3258,21054,935.0769230769231,86,1294,538.5971038138679,290086.8402366864,0.5759922959509939,362.0,86,1294,498.3305462575351,248333.33333333334,1.3766037189434672,1238.4705882352941,378,1294,215.11860412533002,46276.013840830456,0.1736969825273397,0.0010190391540527343,9.5367431640625e-07,0.01987600326538086,0.003885586960777534,1.5097786029764394e-05,0.003184497356414795,9.5367431640625e-07,0.0202181339263916,0.006493556904498514,4.2166281271960315e-05,0.0003488808870315552,2.5033950805664062e-05,0.004595041275024414,0.00110204824399004,1.214510332081531e-06,19,7,0.7307692307692307,0.2692307692307692,0,0.0,1.0,2,5,19,0,0,0.07692307692307693,0.19230769230769232,0.0,0.7307692307692307,0.0,0.9305861291319928,1.4289531786810297,0.02547597885131836
traffic_record_GET_FLOOD.pcap,172.16.0.35:49448->172.19.0.8:443,26,172.16.0.35,49448,172.19.0.8,443,26,11,15,21884,3418,18466,841.6923076923077,86,1294,572.68938884414,327973.1360946746,0.6804023080765692,310.72727272727275,86,1294,463.6725119597963,214992.19834710742,1.4922169782205263,1231.0666666666666,374,1294,229.06169959690388,52469.262222222234,0.1860676645702133,0.0007155990600585938,0.0,0.009575843811035156,0.001986295845652229,3.945371186455304e-06,0.0017889976501464845,0.0,0.009987831115722656,0.0030140324758626534,9.084391765554757e-06,0.0005912951060703822,8.821487426757812e-05,0.005948066711425781,0.001490401479003225,2.2212965686150006e-06,20,6,0.7692307692307693,0.23076923076923078,0,0.0,1.0,2,4,20,0,0,0.07692307692307693,0.15384615384615385,0.0,0.7692307692307693,0.0,0.9828586897127056,1.4830749314332756,0.017889976501464844
traffic_record_GET_FLOOD.pcap,172.16.0.35:42055->172.19.0.8:443,26,172.16.0.35,42055,172.19.0.8,443,26,12,14,20688,3516,17172,795.6923076923077,86,1294,582.5824979038637,339402.36686390534,0.7321705793455363,293.0,86,1294,447.80911111767256,200533.0,1.5283587410159474,1226.5714285714287,372,1294,237.016489566719,56176.816326530614,0.19323496703552678,0.0006778335571289062,0.0,0.008827924728393555,0.0017516705037544126,3.0683495537232374e-06,0.001540530811656605,0.0,0.009384870529174805,0.002646281511716188,7.002805839250914e-06,0.0006235379439133864,0.00011086463928222656,0.005034923553466797,0.0013117402164894625,1.7206623955558217e-06,19,7,0.7307692307692307,0.2692307692307692,0,0.0,1.0,2,5,19,0,0,0.07692307692307693,0.19230769230769232,0.0,0.7307692307692307,0.0,0.9957274520849255,1.6137149724283613,0.016945838928222656
traffic_record_GET_FLOOD.pcap,172.16.0.35:42307->172.19.0.8:443,26,172.16.0.35,42307,172.19.0.8,443,26,8,18,25518,3172,22346,981.4615384615385,86,1294,515.0221974879582,265247.8639053255,0.5247502600002709,396.5,86,1294,518.3268756296552,268662.75,1.3072556762412488,1241.4444444444443,376,1294,209.90241706887997,44059.024691358034,0.1690791867555643,0.0008901214599609375,1.1920928955078125e-05,0.010967016220092773,0.0023685682144068123,5.6101153862982754e-06,0.003147874559674944,3.0994415283203125e-05,0.010967016220092773,0.004270481227212461,1.8237009911974048e-05,0.00034429045284495633,2.47955322265625e-05,0.005027055740356445,0.0011725302853573406,1.3748272700801664e-06,19,7,0.7307692307692307,0.2692307692307692,0,0.0,1.0,2,5,19,0,0,0.07692307692307693,0.19230769230769232,0.0,0.7307692307692307,0.0,0.8904916402194913,1.3363816313106462,0.022253036499023438
traffic_record_GET_FLOOD.pcap,172.16.0.35:51268->172.19.0.8:443,26,172.16.0.35,51268,172.19.0.8,443,26,11,15,21896,3430,18466,842.1538461538462,86,1294,572.0846960095017,327280.899408284,0.6793113854698138,311.8181818181818,86,1294,463.15632903369357,214513.785123967,1.485340996901058,1231.0666666666666,374,1294,229.06169959690388,52469.262222222234,0.1860676645702133,0.0011395168304443358,0.0,0.018643856048583984,0.0037224413994403735,1.3856569972267606e-05,0.002818799018859863,0.0,0.019392013549804688,0.005772350602106212,3.3320031473635946e-05,0.0007031474794660296,9.202957153320312e-05,0.006955862045288086,0.00175164797750853,3.068270637109723e-06,19,7,0.7307692307692307,0.2692307692307692,0,0.0,1.0,2,5,19,0,0,0.07692307692307693,0.19230769230769232,0.0,0.7307692307692307,0.0,0.9828586897127056,1.5654483718208254,0.0284879207611084
traffic_record_GET_FLOOD.pcap,172.16.0.35:43120->172.19.0.8:443,26,172.16.0.35,43120,172.19.0.8,443,26,10,16,23105,3344,19761,888.6538461538462,86,1294,557.4970812140008,310802.9955621302,0.6273501022100852,334.4,86,1294,479.95399779562206,230355.84,1.4352691321639417,1235.0625,377,1294,221.5517627863746,49085.18359375,0.17938506171661323,0.0008834457397460938,0.0,0.013168096542358398,0.0026405816593194093,6.972671499534044e-06,0.0024540159437391493,0.0,0.013168096542358398,0.004238619566426836,1.7965895828896417e-05,0.0003823280334472656,2.5033950805664062e-05,0.005026102066040039,0.0012425957252079098,1.5440441363049714e-06,19,7,0.7307692307692307,0.2692307692307692,0,0.0,1.0,2,5,19,0,0,0.07692307692307693,0.19230769230769232,0.0,0.7307692307692307,0.0,0.9612366047228759,1.5044201498452237,0.022086143493652344
traffic_record_GET_FLOOD.pcap,172.16.0.35:51278->172.19.0.8:443,26,172.16.0.35,51278,172.19.0.8,443,26,12,14,20687,3516,17171,795.6538461538462,86,1294,582.6105007310889,339434.9955621302,0.7322411668684832,293.0,86,1294,447.80911111767256,200533.0,1.5283587410159474,1226.5,371,1294,237.2740278364117,56298.96428571428,0.19345619880669523,0.0006589984893798828,9.5367431640625e-07,0.009096860885620117,0.0018196065351852762,3.3109679428889654e-06,0.0014977238394997337,9.5367431640625e-07,0.009515047073364258,0.002672044085413139,7.139819594391337e-06,0.0005621543297400841,8.702278137207031e-05,0.005381107330322266,0.001396500682933408,1.9502141574334746e-06,19,7,0.7307692307692307,0.2692307692307692,0,0.0,1.0,2,5,19,0,0,0.07692307692307693,0.19230769230769232,0.0,0.7307692307692307,0.0,0.9957274520849255,1.6137149724283613,0.01647496223449707
traffic_record_GET_FLOOD.pcap,172.16.0.35:43886->172.19.0.8:443,26,172.16.0.35,43886,172.19.0.8,443,26,12,14,20689,3516,17173,795.7307692307693,86,1294,582.5545572134661,339369.8121301775,0.7321000767340189,293.0,86,1294,447.80911111767256,200533.0,1.5283587410159474,1226.642857142857,373,1294,236.75895129943487,56054.80102040817,0.19301376103139162,0.0009917640686035157,1.5974044799804688e-05,0.016685009002685547,0.0032454897719191183,1.0533203859631611e-05,0.0022436488758433948,2.3126602172851562e-05,0.017019987106323242,0.004730877886627916,2.2381205578185017e-05,0.000623776362492488,0.0001308917999267578,0.00544285774230957,0.0013970516980214374,1.9517534469445815e-06,19,7,0.7307692307692307,0.2692307692307692,0,0.0,1.0,2,5,19,0,0,0.07692307692307693,0.19230769230769232,0.0,0.7307692307692307,0.0,0.9957274520849255,1.6137149724283613,0.02479410171508789
traffic_record_GET_FLOOD.pcap,172.16.0.35:43908->172.19.0.8:443,26,172.16.0.35,43908,172.19.0.8,443,26,7,19,26721,3086,23635,1027.7307692307693,86,1294,486.063113794614,236257.35059171592,0.4729479045941381,440.85714285714283,86,1294,539.7246463499245,291302.693877551,1.224261997553296,1243.9473684210527,371,1294,205.75725955964674,42336.04986149584,0.16540672441858634,0.0009381580352783203,2.384185791015625e-05,0.013736963272094727,0.002751357146243289,7.5699661461840155e-06,0.003878513971964518,3.814697265625e-05,0.013736963272094727,0.004936227920722339,2.4366346085318786e-05,0.00035387939876980253,2.5033950805664062e-05,0.005354166030883789,0.0012153306480695639,1.477028584137186e-06,19,7,0.7307692307692307,0.2692307692307692,0,0.0,1.0,2,5,19,0,0,0.07692307692307693,0.19230769230769232,0.0,0.7307692307692307,0.0,0.8403586716091171,1.2220334913046595,0.023453950881958008
traffic_record_GET_FLOOD.pcap,172.16.0.35:54584->172.19.0.8:443,26,172.16.0.35,54584,172.19.0.8,443,26,12,14,20694,3516,17178,795.9230769230769,86,1294,582.4157861261954,339208.14792899415,0.7317488373094172,293.0,86,1294,447.80911111767256,200533.0,1.5283587410159474,1227.0,378,1294,235.47125999941963,55446.71428571428,0.1919081173589402,0.0007118415832519531,0.0,0.009663820266723633,0.0019236950831446398,3.700602772914863e-06,0.0016178217801180754,0.0,0.010129928588867188,0.002823878079850968,7.97428740986279e-06,0.0006225475898155799,9.393692016601562e-05,0.0054438114166259766,0.001408927002805973,1.9850752992358226e-06,19,7,0.7307692307692307,0.2692307692307692,0,0.0,1.0,2,5,19,0,0,0.07692307692307693,0.19230769230769232,0.0,0.7307692307692307,0.0,0.9957274520849255,1.6137149724283613,0.017796039581298828
traffic_record_GET_FLOOD.pcap,172.16.0.35:46177->172.19.0.8:443,26,172.16.0.35,46177,172.19.0.8,443,26,12,14,20691,3516,17175,795.8076923076923,86,1294,582.4988622789001,339304.924556213,0.7319593262409455,293.0,86,1294,447.80911111767256,200533.0,1.5283587410159474,1226.7857142857142,375,1294,236.24387477212386,55811.16836734694,0.19257142630624363,0.00131591796875,0.0,0.02639293670654297,0.005143596712215012,2.6456587137909084e-05,0.00299072265625,0.0,0.026721954345703125,0.007539470050019807,5.684360863514567e-05,0.0004957089057335487,9.393692016601562e-05,0.004664897918701172,0.0012079462983633571,1.4591342597297365e-06,19,7,0.7307692307692307,0.2692307692307692,0,0.0,1.0,2,5,19,0,0,0.07692307692307693,0.19230769230769232,0.0,0.7307692307692307,0.0,0.9957274520849255,1.6137149724283613,0.03289794921875
traffic_record_GET_FLOOD.pcap,172.16.0.35:46618->172.19.0.8:443,26,172.16.0.35,46618,172.19.0.8,443,26,12,14,20686,3516,17170,795.6153846153846,86,1294,582.6385656861826,339467.6982248521,0.7323118393039131,293.0,86,1294,447.80911111767256,200533.0,1.5283587410159474,1226.4285714285713,370,1294,237.53156610850522,56421.244897959186,0.19367745634939273,0.0006934452056884766,0.0,0.009603023529052734,0.0019179140494547658,3.6783943010959775e-06,0.001576011831110174,0.0,0.00995492935180664,0.002787263226927741,7.768836296183643e-06,0.0005910763373741737,8.916854858398438e-05,0.005758047103881836,0.001496357303538227,2.239085179852193e-06,19,7,0.7307692307692307,0.2692307692307692,0,0.0,1.0,2,5,19,0,0,0.07692307692307693,0.19230769230769232,0.0,0.7307692307692307,0.0,0.9957274520849255,1.6137149724283613,0.017336130142211914
traffic_record_GET_FLOOD.pcap,172.16.0.29:45788->172.19.0.8:443,26,172.16.0.29,45788,172.19.0.8,443,26,12,14,17378,3787,13591,668.3846153846154,86,1294,581.3467836328302,337964.0828402367,0.8697788223301638,315.5833333333333,86,1294,440.9144774090423,194405.5763888889,1.3971412011905224,970.7857142857143,96,1294,512.7185497175715,262880.31122448976,0.5281480167791921,0.016546201705932618,0.0,0.1474311351776123,0.034424461160930286,0.0011850435262203975,0.03758564862337979,0.0,0.1495649814605713,0.046525846587331256,0.0021646544006678837,0.030698757905226488,8.296966552734375e-05,0.30939197540283203,0.08211913008043153,0.006743551525166836,13,13,0.5,0.5,0,0.0,1.0,2,11,13,0,0,0.07692307692307693,0.4230769230769231,0.0,0.5,0.0,0.9957274520849255,1.9398844292635018,0.41365504264831543
traffic_record_GET_FLOOD.pcap,172.16.0.52:53247->172.19.0.8:443,26,172.16.0.52,53247,172.19.0.8,443,26,11,15,18581,3701,14880,714.6538461538462,86,1294,581.2080881370943,337802.8417159763,0.8132721754245977,336.45454545454544,86,1294,454.8093234105442,206851.52066115697,1.351770482981893,992.0,96,1294,502.01673278885835,252020.8,0.5060652548274782,0.017409524917602538,1.4066696166992188e-05,0.1486799716949463,0.03667705125716506,0.0013452060889207133,0.04352381229400635,4.00543212890625e-05,0.1486799716949463,0.04846621221757728,0.002348973726719237,0.02934185096195766,0.00010991096496582031,0.3557300567626953,0.09091823101109693,0.008266124730187186,13,13,0.5,0.5,0,0.0,1.0,2,11,13,0,0,0.07692307692307693,0.4230769230769231,0.0,0.5,0.0,0.9828586897127056,1.8502198590705459,0.4352381229400635
traffic_record_GET_FLOOD.pcap,172.16.0.45:50291->172.19.0.8:443,26,172.16.0.45,50291,172.19.0.8,443,26,13,13,16174,3873,12301,622.0769230769231,86,1294,577.8086536533409,333862.84023668646,0.9288379494860185,297.9230769230769,86,1294,428.0115853102148,183193.91715976328,1.4366513320508114,946.2307692307693,96,1294,523.8132600087046,274380.33136094676,0.5535787643373026,0.016848316192626955,0.0,0.19355201721191406,0.04208114756114865,0.0017708229800631665,0.03510065873463949,0.0,0.19355201721191406,0.05553822575444517,0.003084494519951717,0.03243484099706014,0.0001010894775390625,0.3464539051055908,0.09514425888252803,0.009052429998305515,13,13,0.5,0.5,0,0.0,1.0,2,11,13,0,0,0.07692307692307693,0.4230769230769231,0.0,0.5,0.0,1.0,2.006064802563774,0.42120790481567383
traffic_record_GET_FLOOD.pcap,172.16.0.33:56271->172.19.0.8:443,26,172.16.0.33,56271,172.19.0.8,443,26,12,14,19748,3769,15979,759.5384615384615,86,1294,579.0147620523644,335258.0946745562,0.7623244791047942,314.0833333333333,86,1294,441.6770045959931,195078.5763888889,1.406241457986712,1141.357142857143,96,1294,373.55504607618354,139543.37244897962,0.32729023374845545,0.01766404151916504,0.0,0.2071380615234375,0.046819370634492874,0.002192053466610014,0.04013399644331499,0.0,0.20985794067382812,0.06476123493618759,0.004194017550460084,0.03087300520676833,9.393692016601562e-05,0.33705711364746094,0.08967100167727765,0.00804088854180633,17,9,0.6538461538461539,0.34615384615384615,0,0.0,1.0,2,7,17,0,0,0.07692307692307693,0.2692307692307692,0.0,0.6538461538461539,0.0,0.9957274520849255,1.8961085880163508,0.441601037979126
traffic_record_GET_FLOOD.pcap,172.16.0.40:35156->172.19.0.8:443,26,172.16.0.40,35156,172.19.0.8,443,26,13,13,19741,3855,15886,759.2692307692307,86,1294,579.3823340879962,335683.88905325445,0.7630789061490251,296.53846153846155,86,1294,428.67983666935396,183766.402366864,1.4456129381845917,1222.0,378,1294,243.6428660023645,59361.846153846156,0.19938041407722137,0.018078603744506837,7.867813110351562e-06,0.15563201904296875,0.04167194870989797,0.0017365513092803667,0.03766375780105591,4.315376281738281e-05,0.15563201904296875,0.05443498296127757,0.0029631673699945793,0.033480425675710045,8.702278137207031e-05,0.3275890350341797,0.09090634686300826,0.008263963899977573,18,8,0.6923076923076923,0.3076923076923077,0,0.0,1.0,2,6,18,0,0,0.07692307692307693,0.23076923076923078,0.0,0.6923076923076923,0.0,1.0,1.8709154329373667,0.4519650936126709
traffic_record_GET_FLOOD.pcap,172.16.0.55:47182->172.19.0.8:443,26,172.16.0.55,47182,172.19.0.8,443,26,11,15,20958,3683,17275,806.0769230769231,86,1294,571.3411969336794,326430.76331360947,0.7087924000513247,334.8181818181818,86,1294,455.6904487960736,207653.78512396698,1.3610086713974503,1151.6666666666667,96,1294,362.2698196403093,131239.42222222226,0.31456134845757683,0.01893531799316406,0.0,0.18570494651794434,0.04449745875225676,0.001980023835408792,0.047324109077453616,0.0,0.18570494651794434,0.06228856104843173,0.0038798648374842063,0.02955470766339983,0.00011515617370605469,0.3184061050415039,0.08214004228560644,0.006746986546681213,17,9,0.6538461538461539,0.34615384615384615,0,0.0,1.0,2,7,17,0,0,0.07692307692307693,0.2692307692307692,0.0,0.6538461538461539,0.0,0.9828586897127056,1.8310797591361776,0.47338294982910156
traffic_record_GET_FLOOD.pcap,172.16.0.53:56868->172.19.0.8:443,26,172.16.0.53,56868,172.19.0.8,443,26,12,14,19745,3769,15976,759.4230769230769,86,1294,579.0916742276332,335347.1671597633,0.7625415816621152,314.0833333333333,86,1294,441.6770045959931,195078.5763888889,1.406241457986712,1141.142857142857,96,1294,373.99519804840446,139872.40816326527,0.3277374043989523,0.018516120910644532,1.0967254638671875e-05,0.20984387397766113,0.044525978686140395,0.0019825627779586287,0.04208209297873757,2.7894973754882812e-05,0.20984387397766113,0.06068814669178679,0.0036830511488838325,0.030271603510929987,9.799003601074219e-05,0.3091239929199219,0.08202326956241011,0.0067278167497077926,17,9,0.6538461538461539,0.34615384615384615,0,0.0,1.0,2,7,17,0,0,0.07692307692307693,0.2692307692307692,0.0,0.6538461538461539,0.0,0.9957274520849255,1.8961085880163508,0.4629030227661133
traffic_record_GET_FLOOD.pcap,172.16.0.46:44045->172.19.0.8:443,26,172.16.0.46,44045,172.19.0.8,443,26,12,14,19755,3769,15986,759.8076923076923,86,1294,578.8374967407831,335052.8476331361,0.7618210536704815,314.0833333333333,86,1294,441.6770045959931,195078.5763888889,1.406241457986712,1141.857142857143,96,1294,372.5322339155666,138780.26530612243,0.32625117445376783,0.019345922470092772,1.1920928955078125e-05,0.23482584953308105,0.04859286751032807,0.0023612667728762976,0.04395935752175071,3.2901763916015625e-05,0.23482584953308105,0.0675590212457897,0.004564221351689065,0.031220546135535605,9.083747863769531e-05,0.30028700828552246,0.08006569208742516,0.006410515049438375,17,9,0.6538461538461539,0.34615384615384615,0,0.0,1.0,2,7,17,0,0,0.07692307692307693,0.2692307692307692,0.0,0.6538461538461539,0.0,0.9957274520849255,1.8961085880163508,0.48364806175231934
traffic_record_GET_FLOOD.pcap,172.16.0.61:35230->172.19.0.8:443,26,172.16.0.61,35230,172.19.0.8,443,26,12,14,20947,3769,17178,805.6538461538462,86,1294,571.8509718656327,327013.5340236686,0.7097973585003318,314.0833333333333,86,1294,441.6770045959931,195078.5763888889,1.406241457986712,1227.0,378,1294,235.47125999941963,55446.71428571428,0.1919081173589402,0.01974515914916992,0.0,0.2587721347808838,0.05469713359591831,0.0029917764236097356,0.04485000263560902,0.0,0.2587721347808838,0.0754245837398474,0.005688867832329253,0.03138916309063251,0.00010800361633300781,0.2918260097503662,0.08107883830442522,0.006573778020795131,18,8,0.6923076923076923,0.3076923076923077,0,0.0,1.0,2,6,18,0,0,0.07692307692307693,0.23076923076923078,0.0,0.6923076923076923,0.0,0.9957274520849255,1.817059452343859,0.49362897872924805
traffic_record_GET_FLOOD.pcap,172.16.0.28:35926->172.19.0.8:443,26,172.16.0.28,35926,172.19.0.8,443,26,12,14,20932,3760,17172,805.0769230769231,86,1294,572.4570473021685,327707.07100591715,0.7110588204594105,313.3333333333333,86,1294,442.05586625322474,195413.3888888889,1.4108165944251854,1226.5714285714287,372,1294,237.016489566719,56176.816326530614,0.19323496703552678,0.020151357650756836,0.0,0.25734615325927734,0.05562914127491324,0.0030946013589842553,0.045798540115356445,0.0,0.261152982711792,0.0777765088405776,0.006049185327428445,0.03145507665780874,6.413459777832031e-05,0.2831730842590332,0.07979551964674486,0.006367324955694045,19,7,0.7307692307692307,0.2692307692307692,0,0.0,1.0,2,5,19,0,0,0.07692307692307693,0.19230769230769232,0.0,0.7307692307692307,0.0,0.9957274520849255,1.7730114897389877,0.5037839412689209
traffic_record_GET_FLOOD.pcap,172.16.0.38:36715->172.19.0.8:443,26,172.16.0.38,36715,172.19.0.8,443,26,12,14,20933,3760,17173,805.1153846153846,86,1294,572.427981827145,327673.7943786982,0.7109887511348478,313.3333333333333,86,1294,442.05586625322474,195413.3888888889,1.4108165944251854,1226.642857142857,373,1294,236.75895129943487,56054.80102040817,0.19301376103139162,0.02058487892150879,1.6927719116210938e-05,0.24126505851745605,0.05459529715117338,0.0029806464710249204,0.04678381573070179,2.193450927734375e-05,0.2446599006652832,0.07598914573597235,0.005774350269682844,0.031058311462402344,9.298324584960938e-05,0.2673330307006836,0.07703843224919217,0.0059349200434133725,19,7,0.7307692307692307,0.2692307692307692,0,0.0,1.0,2,5,19,0,0,0.07692307692307693,0.19230769230769232,0.0,0.7307692307692307,0.0,0.9957274520849255,1.7730114897389877,0.5146219730377197
traffic_record_GET_FLOOD.pcap,172.16.0.36:55238->172.19.0.8:443,26,172.16.0.36,55238,172.19.0.8,443,26,11,15,22143,3674,18469,851.6538461538462,86,1294,560.8954339891014,314603.6878698225,0.6585955509062293,334.0,86,1294,456.1281717795,208052.9090909091,1.3656532089206588,1231.2666666666667,377,1294,228.31337139019158,52126.99555555555,0.18542966976300146,0.02099395751953125,1.4066696166992188e-05,0.23122406005859375,0.05449205148753203,0.0029693836753198416,0.05247609615325928,2.3126602172851562e-05,0.23673295974731445,0.07777296984367836,0.006048634838305703,0.028908712523324148,8.296966552734375e-05,0.25847792625427246,0.07370210170593479,0.005431999795871956,19,7,0.7307692307692307,0.2692307692307692,0,0.0,1.0,2,5,19,0,0,0.07692307692307693,0.19230769230769232,0.0,0.7307692307692307,0.0,0.9828586897127056,1.7154535460473685,0.5248489379882812
traffic_record_GET_FLOOD.pcap,172.16.0.54:44855->172.19.0.8:443,26,172.16.0.54,44855,172.19.0.8,443,26,11,15,20925,3674,17251,804.8076923076923,69,1294,573.0001355370205,328329.1553254438,0.7119714945740756,334.0,86,1294,456.1281717795,208052.9090909091,1.3656532089206588,1150.0666666666666,69,1294,367.12041015933124,134777.3955555556,0.3192166339568703,0.023266639709472656,2.3126602172851562e-05,0.22117209434509277,0.05585155489433472,0.0031193961841148848,0.05814459323883057,4.00543212890625e-05,0.22690796852111816,0.07774975762570605,0.006045024810856035,0.03219735622406006,8.702278137207031e-05,0.24726104736328125,0.07897409369259695,0.006236907474567082,19,7,0.7307692307692307,0.2692307692307692,0,0.0,1.0,2,5,19,0,0,0.07692307692307693,0.19230769230769232,0.0,0.7307692307692307,0.0,0.9828586897127056,1.923016663965531,0.5816659927368164
traffic_record_GET_FLOOD.pcap,172.16.0.56:45340->172.19.0.8:443,26,172.16.0.56,45340,172.19.0.8,443,26,12,14,20936,3760,17176,805.2307692307693,86,1294,572.3411642403713,327574.4082840237,0.7107790537948822,313.3333333333333,86,1294,442.05586625322474,195413.3888888889,1.4108165944251854,1226.857142857143,376,1294,235.9863365121128,55689.55102040815,0.19235029757624472,0.02242368698120117,0.0,0.21030092239379883,0.05650943007603926,0.00319331568751877,0.05096292495727539,0.0,0.21564483642578125,0.0776684817053755,0.00603239305041825,0.03234261732835036,9.107589721679688e-05,0.23689794540405273,0.07627907070305101,0.005818496627321055,19,7,0.7307692307692307,0.2692307692307692,0,0.0,1.0,2,5,19,0,0,0.07692307692307693,0.19230769230769232,0.0,0.7307692307692307,0.0,0.9957274520849255,1.7730114897389877,0.5605921745300293
traffic_record_GET_FLOOD.pcap,172.16.0.31:33307->172.19.0.8:443,26,172.16.0.31,33307,172.19.0.8,443,26,12,14,20941,3760,17181,805.4230769230769,86,1294,572.197731630282,327410.2440828402,0.7104312603212517,313.3333333333333,86,1294,442.05586625322474,195413.3888888889,1.4108165944251854,1227.2142857142858,381,1294,234.69864524882254,55083.454081632655,0.19124504007237736,0.021277198791503905,0.0,0.20005178451538086,0.05340335032640989,0.0028519178260852634,0.0483572699806907,0.0,0.20469093322753906,0.073212222379781,0.005360029505786506,0.02943706512451172,0.00012493133544921875,0.22595691680908203,0.07006636206854645,0.004909295093520645,19,7,0.7307692307692307,0.2692307692307692,0,0.0,1.0,2,5,19,0,0,0.07692307692307693,0.19230769230769232,0.0,0.7307692307692307,0.0,0.9957274520849255,1.7730114897389877,0.5319299697875977
traffic_record_GET_FLOOD.pcap,172.16.0.49:54579->172.19.0.8:443,26,172.16.0.49,54579,172.19.0.8,443,26,12,14,20939,3760,17179,805.3461538461538,86,1294,572.2549151119827,327475.6878698225,0.7105701223989469,313.3333333333333,86,1294,442.05586625322474,195413.3888888889,1.4108165944251854,1227.0714285714287,379,1294,235.21372174675346,55325.49489795916,0.19168706586265488,0.022749719619750978,0.0,0.18866801261901855,0.05671280894097395,0.003216342697975415,0.051703908226706764,0.0,0.19336485862731934,0.0774162277256204,0.005993272315265116,0.03136761371905987,9.179115295410156e-05,0.21458697319030762,0.07324485953783542,0.005364809448717241,19,7,0.7307692307692307,0.2692307692307692,0,0.0,1.0,2,5,19,0,0,0.07692307692307693,0.19230769230769232,0.0,0.7307692307692307,0.0,0.9957274520849255,1.7730114897389877,0.5687429904937744
traffic_record_GET_FLOOD.pcap,172.16.0.50:33664->172.19.0.8:443,26,172.16.0.50,33664,172.19.0.8,443,26,11,15,22236,3770,18466,855.2307692307693,86,1294,556.2384178702447,309401.1775147929,0.6503957035719716,342.72727272727275,86,1294,452.2010998557431,204485.83471074377,1.319419654751505,1231.0666666666666,374,1294,229.06169959690388,52469.262222222234,0.1860676645702133,0.023551797866821288,0.0,0.19959592819213867,0.06145615555778463,0.0037768590559426225,0.058847689628601076,0.0,0.20374298095703125,0.08690837557226753,0.007553065744610309,0.02970642702920096,8.20159912109375e-05,0.21013617515563965,0.07223534851497942,0.0052179455750805395,19,7,0.7307692307692307,0.2692307692307692,0,0.0,1.0,2,5,19,0,0,0.07692307692307693,0.19230769230769232,0.0,0.7307692307692307,0.0,0.9828586897127056,1.854285871987246,0.5887949466705322
traffic_record_GET_FLOOD.pcap,172.16.0.51:45400->172.19.0.8:443,26,172.16.0.51,45400,172.19.0.8,443,26,12,14,20939,3760,17179,805.3461538461538,86,1294,572.2549151119827,327475.6878698225,0.7105701223989469,313.3333333333333,86,1294,442.05586625322474,195413.3888888889,1.4108165944251854,1227.0714285714287,379,1294,235.21372174675346,55325.49489795916,0.19168706586265488,0.021863203048706054,1.9073486328125e-05,0.18744897842407227,0.05676749958956503,0.0032225490096512654,0.04967873746698553,4.482269287109375e-05,0.19102191925048828,0.07798406442023058,0.006081514303498672,0.027866235146155723,0.00013184547424316406,0.19164514541625977,0.06509238010776815,0.00423701794809417,19,7,0.7307692307692307,0.2692307692307692,0,0.0,1.0,2,5,19,0,0,0.07692307692307693,0.19230769230769232,0.0,0.7307692307692307,0.0,0.9957274520849255,1.7730114897389877,0.5465800762176514
traffic_record_GET_FLOOD.pcap,172.16.0.34:46082->172.19.0.8:443,26,172.16.0.34,46082,172.19.0.8,443,26,12,14,19805,3851,15954,761.7307692307693,70,1294,576.7527504980801,332643.73520710063,0.757160894367588,320.9166666666667,86,1294,438.85997355522056,192598.0763888889,1.3675200422390668,1139.5714285714287,70,1294,378.6315046671771,143361.8163265306,0.33225780778115077,0.023953800201416017,3.409385681152344e-05,0.1950221061706543,0.056823283468053265,0.0032288855440907355,0.054440455003218216,3.409385681152344e-05,0.1954789161682129,0.07672486685127368,0.005886705193345675,0.03105961359464205,9.489059448242188e-05,0.19914698600769043,0.06826638420840012,0.004660299212888901,19,7,0.7307692307692307,0.2692307692307692,0,0.0,1.0,2,5,19,0,0,0.07692307692307693,0.19230769230769232,0.0,0.7307692307692307,0.0,0.9957274520849255,2.049954741862505,0.5988450050354004
traffic_record_GET_FLOOD.pcap,172.16.0.25:42188->172.19.0.8:443,26,172.16.0.25,42188,172.19.0.8,443,26,15,11,22161,7937,14224,852.3461538461538,86,1394,567.2298369001956,321749.68786982243,0.6654923405715033,529.1333333333333,86,1394,557.4745275695464,310777.8488888889,1.0535615362911925,1293.090909090909,1292,1294,0.9958591954639384,0.9917355371900828,0.0007701385791692438,0.025117645263671873,0.0,0.20085501670837402,0.05870557681315776,0.003446344748965566,0.044837934630257745,0.0,0.20085501670837402,0.07309316513304527,0.0053426107891666255,0.042275500297546384,9.417533874511719e-05,0.24579691886901855,0.0856083668035026,0.0073287924667630455,11,15,0.4230769230769231,0.5769230769230769,0,0.0,1.0,4,11,11,0,0,0.15384615384615385,0.4230769230769231,0.0,0.4230769230769231,0.0,0.9828586897127056,2.0328148552068135,0.6279411315917969
traffic_record_GET_FLOOD.pcap,172.16.0.47:39652->172.19.0.8:443,26,172.16.0.47,39652,172.19.0.8,443,26,15,11,21284,7949,13335,818.6153846153846,88,1394,565.8988137959129,320241.4674556213,0.6912877823103616,529.9333333333333,88,1394,556.8462943717553,310077.79555555555,1.0507855598913487,1212.2727272727273,403,1294,255.91621175301995,65493.107438016545,0.21110448663541204,0.025474472045898436,0.0,0.20080900192260742,0.054335569634196425,0.0029523541274726088,0.04479871477399554,0.0,0.20080900192260742,0.06694489722710242,0.004481619264747307,0.04219818115234375,8.988380432128906e-05,0.24193406105041504,0.0828736717165606,0.0068680454637842555,9,17,0.34615384615384615,0.6538461538461539,0,0.0,1.0,4,13,9,0,0,0.15384615384615385,0.5,0.0,0.34615384615384615,0.0,0.9828586897127056,2.188787067802382,0.6368618011474609
traffic_record_GET_FLOOD.pcap,172.16.0.44:50264->172.19.0.8:443,26,172.16.0.44,50264,172.19.0.8,443,26,19,7,16731,8567,8164,643.5,88,1394,568.443573412389,323128.0961538461,0.883362196445049,450.89473684210526,88,1394,518.0072032355131,268331.4626038782,1.1488428693212034,1166.2857142857142,400,1294,312.834832864023,97865.63265306121,0.2682317283253504,0.042274999618530276,0.0,0.2008678913116455,0.07085353780049884,0.005020223818846718,0.05871527724795871,0.0,0.2008678913116455,0.07817202313583804,0.006110865201149999,0.028517842292785645,0.00010204315185546875,0.15841102600097656,0.058214666126142185,0.0033889473521782065,7,19,0.2692307692307692,0.7307692307692307,0,0.0,1.0,4,15,7,0,0,0.15384615384615385,0.5769230769230769,0.0,0.2692307692307692,0.0,0.8403586716091171,2.4996981431844145,1.0568749904632568
traffic_record_GET_FLOOD.pcap,172.16.0.58:48257->172.19.0.8:443,26,172.16.0.58,48257,172.19.0.8,443,26,16,10,20086,8035,12051,772.5384615384615,86,1394,574.3599937033079,329889.40236686385,0.7434710662295133,502.1875,86,1394,549.768498864522,302245.40234375,1.0947474775149164,1205.1,411,1294,264.7015111403786,70066.88999999998,0.21965107554591207,0.024264116287231446,0.0,0.19931578636169434,0.05179903263002425,0.002683139781406317,0.04043099085489909,0.0,0.19931578636169434,0.06234792929342532,0.003887264287177964,0.041441784964667425,9.608268737792969e-05,0.21188783645629883,0.07457123407841235,0.005560868951977367,9,17,0.34615384615384615,0.6538461538461539,0,0.0,1.0,4,13,9,0,0,0.15384615384615385,0.5,0.0,0.34615384615384615,0.0,0.9612366047228759,2.3117583206090075,0.6066029071807861
traffic_record_GET_FLOOD.pcap,172.16.0.43:39449->172.19.0.8:443,26,172.16.0.43,39449,172.19.0.8,443,26,16,10,20082,8035,12047,772.3846153846154,86,1394,574.4573410501345,330001.23668639053,0.7437451880939895,502.1875,86,1394,549.768498864522,302245.40234375,1.0947474775149164,1204.7,407,1294,265.9015043206789,70703.61000000002,0.2207200998760512,0.025956764221191406,0.0,0.2012920379638672,0.05414040470171301,0.002931183421265268,0.043261273701985674,0.0,0.2012920379638672,0.0646384517144519,0.004178129440041529,0.04511287477281359,0.00011801719665527344,0.25339603424072266,0.08706813941680429,0.0075808609015040685,9,17,0.34615384615384615,0.6538461538461539,0,0.0,1.0,4,13,9,0,0,0.15384615384615385,0.5,0.0,0.34615384615384615,0.0,0.9612366047228759,2.3117583206090075,0.6489191055297852
traffic_record_GET_FLOOD.pcap,172.16.0.32:54435->172.19.0.8:443,26,172.16.0.32,54435,172.19.0.8,443,26,19,7,16822,8646,8176,647.0,88,1394,565.527799765575,319821.6923076923,0.8740769702713678,455.05263157894734,88,1394,515.4687671057247,265708.04986149585,1.1327673577386965,1168.0,412,1294,308.63570759068045,95256.0,0.26424290033448666,0.04754124641418457,0.0,0.2008500099182129,0.07159294053590552,0.005125549134577705,0.06602950890858968,0.0,0.2008500099182129,0.07724136110644031,0.005966227865575511,0.023878852526346844,5.817413330078125e-05,0.13402199745178223,0.049352495913388424,0.0024356688528810212,8,18,0.3076923076923077,0.6923076923076923,0,0.0,1.0,4,14,8,0,0,0.15384615384615385,0.5384615384615384,0.0,0.3076923076923077,0.0,0.8403586716091171,2.485677836392096,1.1885311603546143
traffic_record_GET_FLOOD.pcap,172.16.0.26:57225->172.19.0.8:443,26,172.16.0.26,57225,172.19.0.8,443,26,18,8,16750,8469,8281,644.2307692307693,88,1394,567.9113086018536,322523.2544378699,0.8815339715610861,470.5,88,1394,525.2959218912284,275935.80555555556,1.1164631708633974,1035.125,109,1294,454.57272176737575,206636.359375,0.43914766020275403,0.046806440353393555,0.0,0.20089507102966309,0.07108019158896967,0.005052393636324633,0.06595335287206314,0.0,0.20089507102966309,0.07887503986301696,0.006221271913392515,0.1297142846243722,6.604194641113281e-05,0.7737579345703125,0.26637321283229426,0.07095468851459874,8,18,0.3076923076923077,0.6923076923076923,0,0.0,1.0,4,14,8,0,0,0.15384615384615385,0.5384615384615384,0.0,0.3076923076923077,0.0,0.8904916402194913,2.624510162331973,1.1701610088348389
traffic_record_GET_FLOOD.pcap,172.16.0.24:36010->172.19.0.8:443,26,172.16.0.24,36010,172.19.0.8,443,26,19,7,16738,8567,8171,643.7692307692307,88,1394,568.3298275644242,322998.79289940826,0.8828160781858664,450.89473684210526,88,1394,518.0072032355131,268331.4626038781,1.1488428693212034,1167.2857142857142,407,1294,310.3853431212399,96339.06122448981,0.2659034881714208,0.044978036880493164,0.0,0.20092296600341797,0.07119237173547627,0.00506835379332224,0.06246949566735162,0.0,0.20092296600341797,0.07736514156942251,0.005985365130056787,0.02085598309834798,8.487701416015625e-05,0.1190040111541748,0.043927018433176306,0.001929582948428611,7,19,0.2692307692307692,0.7307692307692307,0,0.0,1.0,4,15,7,0,0,0.15384615384615385,0.5769230769230769,0.0,0.2692307692307692,0.0,0.8403586716091171,2.4996981431844145,1.124450922012329
traffic_record_GET_FLOOD.pcap,172.16.0.48:43876->172.19.0.8:443,26,172.16.0.48,43876,172.19.0.8,443,26,18,8,16743,8469,8274,643.9615384615385,88,1394,568.0248830390085,322652.26775147923,0.8820788961962743,470.5,88,1394,525.2959218912284,275935.80555555556,1.1164631708633974,1034.25,109,1294,455.78414573128805,207739.1875,0.4406904962352314,0.047230682373046874,1.0967254638671875e-05,0.20062804222106934,0.07110343172005701,0.005055698002368808,0.06607535306145162,1.0967254638671875e-05,0.20062804222106934,0.07893935066643278,0.00623142108363804,0.12851544788905553,6.198883056640625e-05,0.7837951183319092,0.26982519256932536,0.07280563454507351,8,18,0.3076923076923077,0.6923076923076923,0,0.0,1.0,4,14,8,0,0,0.15384615384615385,0.5384615384615384,0.0,0.3076923076923077,0.0,0.8904916402194913,2.624510162331973,1.1807670593261719
traffic_record_GET_FLOOD.pcap,172.16.0.30:37557->172.19.0.8:443,26,172.16.0.30,37557,172.19.0.8,443,26,16,10,20082,8035,12047,772.3846153846154,86,1394,574.4573410501345,330001.23668639053,0.7437451880939895,502.1875,86,1394,549.768498864522,302245.40234375,1.0947474775149164,1204.7,407,1294,265.9015043206789,70703.61000000002,0.2207200998760512,0.024655275344848633,0.0,0.20002484321594238,0.05048710100742776,0.0025489473681342134,0.04109212557474772,0.0,0.20002484321594238,0.06077071458529952,0.003693079751207936,0.03620065583123101,7.510185241699219e-05,0.21870684623718262,0.06983452433562498,0.004876860789182997,9,17,0.34615384615384615,0.6538461538461539,0,0.0,1.0,4,13,9,0,0,0.15384615384615385,0.5,0.0,0.34615384615384615,0.0,0.9612366047228759,2.3117583206090075,0.6163818836212158
traffic_record_GET_FLOOD.pcap,172.16.0.57:43679->172.19.0.8:443,26,172.16.0.57,43679,172.19.0.8,443,26,19,7,16736,8567,8169,643.6923076923077,88,1394,568.362003360451,323035.36686390534,0.8829715635379854,450.89473684210526,88,1394,518.0072032355131,268331.4626038781,1.1488428693212034,1167.0,405,1294,311.0851973334636,96774.0,0.26656829248797226,0.04485323905944824,0.0,0.20002007484436035,0.07162146303350313,0.005129633967059454,0.06229616536034478,0.0,0.20002007484436035,0.07797340522200553,0.00607985192191508,0.016219298044840496,0.00011992454528808594,0.0881650447845459,0.032302949342418334,0.001043480536218845,7,19,0.2692307692307692,0.7307692307692307,0,0.0,1.0,4,15,7,0,0,0.15384615384615385,0.5769230769230769,0.0,0.2692307692307692,0.0,0.8403586716091171,2.4996981431844145,1.121330976486206
traffic_record_GET_FLOOD.pcap,172.16.0.62:36620->172.19.0.8:443,26,172.16.0.62,36620,172.19.0.8,443,26,16,10,17640,8023,9617,678.4615384615385,86,1394,580.4096186692524,336875.325443787,0.8554790297846123,501.4375,86,1394,550.3272854345403,302860.12109375,1.097499260495157,961.7,94,1294,510.8185685740094,260935.60999999996,0.531162076088187,0.026875677108764647,0.0,0.20086312294006348,0.055501953926516384,0.0030804668896611477,0.04478467305501302,0.0,0.20086312294006348,0.06610747584805356,0.004370198363000984,0.040322436226738825,0.00011610984802246094,0.21687793731689453,0.06932520071063292,0.004805983453569539,12,14,0.46153846153846156,0.5384615384615384,0,0.0,1.0,4,10,12,0,0,0.15384615384615385,0.38461538461538464,0.0,0.46153846153846156,0.0,0.9612366047228759,2.453582957309917,0.6718919277191162
traffic_record_GET_FLOOD.pcap,172.16.0.27:48143->172.19.0.8:443,26,172.16.0.27,48143,172.19.0.8,443,26,16,10,17630,8023,9607,678.0769230769231,86,1394,580.6098864441478,337107.8402366863,0.8562596169908022,501.4375,86,1394,550.3272854345403,302860.12109375,1.097499260495157,960.7,94,1294,511.96289904640554,262106.01,0.5329061091354278,0.027419567108154297,0.0,0.2007770538330078,0.05478570388577118,0.003001473350259403,0.04569927851359049,0.0,0.2007770538330078,0.06481684637305095,0.004201223573747688,0.0407964653438992,9.202957153320312e-05,0.2539989948272705,0.08011481376858745,0.006418383385175449,12,14,0.46153846153846156,0.5384615384615384,0,0.0,1.0,4,10,12,0,0,0.15384615384615385,0.38461538461538464,0.0,0.46153846153846156,0.0,0.9612366047228759,2.453582957309917,0.6854891777038574
traffic_record_GET_FLOOD.pcap,172.16.0.63:45132->172.19.0.8:443,26,172.16.0.63,45132,172.19.0.8,443,26,16,10,17640,8023,9617,678.4615384615385,86,1394,580.4096186692524,336875.3254437869,0.8554790297846123,501.4375,86,1394,550.3272854345403,302860.12109375,1.097499260495157,961.7,94,1294,510.8185685740094,260935.60999999996,0.531162076088187,0.02804459571838379,0.0,0.2008190155029297,0.055536660261344975,0.003084320632984054,0.04674099286397298,0.0,0.2008190155029297,0.06557811889424665,0.004300489677707951,0.0414982106950548,0.00011491775512695312,0.22783207893371582,0.07219404635269765,0.005211980328775457,12,14,0.46153846153846156,0.5384615384615384,0,0.0,1.0,4,10,12,0,0,0.15384615384615385,0.38461538461538464,0.0,0.46153846153846156,0.0,0.9612366047228759,2.453582957309917,0.7011148929595947
traffic_record_GET_FLOOD.pcap,172.16.0.42:41905->172.19.0.8:443,26,172.16.0.42,41905,172.19.0.8,443,26,15,11,18838,7937,10901,724.5384615384615,86,1394,579.58209286249,335915.4023668639,0.7999328174129281,529.1333333333333,86,1394,557.4745275695464,310777.8488888889,1.0535615362911925,991.0,94,1294,497.11586357526534,247124.18181818182,0.5016305384210549,0.028528881072998048,0.0,0.2008349895477295,0.05392573690094383,0.0029079851003098152,0.050930142402648926,0.0,0.2008349895477295,0.06492406057660344,0.004215133641754473,0.03803839683532715,9.894371032714844e-05,0.2365410327911377,0.07191952921616958,0.00517241868267547,12,14,0.46153846153846156,0.5384615384615384,0,0.0,1.0,4,10,12,0,0,0.15384615384615385,0.38461538461538464,0.0,0.46153846153846156,0.0,0.9828586897127056,2.368547776483758,0.7132220268249512
traffic_record_GET_FLOOD.pcap,172.16.0.39:51287->172.19.0.8:443,26,172.16.0.39,51287,172.19.0.8,443,26,21,5,10974,7827,3147,422.0769230769231,94,1294,481.00783002398066,231368.53254437866,1.1396212484621375,372.7142857142857,98,1294,448.5975121321523,201239.7278911565,1.2035962379935095,629.4,94,1294,551.989710049019,304692.64,0.8770093899730204,0.07620872497558594,0.0,0.20089197158813477,0.07783514340321138,0.0060583095485984804,0.09526090621948242,0.0,0.20089197158813477,0.07618797535303205,0.005804607588394219,0.16666871309280396,8.797645568847656e-05,0.5087869167327881,0.2077307567220477,0.043152067288314555,9,17,0.34615384615384615,0.6538461538461539,0,0.0,1.0,4,13,9,0,0,0.15384615384615385,0.5,0.0,0.34615384615384615,0.0,0.7062740891876007,2.2877837199410704,1.9052181243896484
traffic_record_GET_FLOOD.pcap,172.16.0.41:44458->172.19.0.8:443,26,172.16.0.41,44458,172.19.0.8,443,26,21,5,10962,7814,3148,421.61538461538464,94,1294,482.20439944098047,232521.08284023666,1.1437068404912873,372.0952380952381,95,1294,450.122512927304,202610.27664399095,1.2096970529144337,629.6,94,1294,551.8962221287622,304589.44000000006,0.8765823096073098,0.07919748306274414,0.0,0.20096802711486816,0.08051917188464694,0.0064833370409893174,0.09899685382843018,0.0,0.20096802711486816,0.07855872158138982,0.006171472736502323,0.29617178440093994,9.608268737792969e-05,0.8972210884094238,0.366281057144718,0.13416181282305217,9,17,0.34615384615384615,0.6538461538461539,0,0.0,1.0,4,13,9,0,0,0.15384615384615385,0.5,0.0,0.34615384615384615,0.0,0.7062740891876007,2.3480835851130086,1.9799370765686035
traffic_record_GET_FLOOD.pcap,172.16.0.37:35272->172.19.0.8:443,26,172.16.0.37,35272,172.19.0.8,443,26,17,9,18136,8608,9528,697.5384615384615,86,1394,566.3891181300138,320796.63313609466,0.8119826351665393,506.3529411764706,86,1394,530.697093306804,281639.40484429064,1.0480774379897384,1058.6666666666667,109,1294,441.93237290588047,195304.22222222222,0.4174424177322548,0.03277775764465332,0.0,0.20080304145812988,0.055345433844310274,0.0030631170474149255,0.05121524631977081,0.0,0.20080304145812988,0.062400211210536155,0.003893786359119522,0.05734151601791382,6.198883056640625e-05,0.3184518814086914,0.10374141831888921,0.01076228187481476,15,11,0.5769230769230769,0.4230769230769231,0,0.0,1.0,4,7,15,0,0,0.15384615384615385,0.2692307692307692,0.0,0.5769230769230769,0.0,0.9305861291319928,2.717227302397353,0.819443941116333
traffic_record_GET_FLOOD.pcap,172.16.0.35:45745->172.19.0.8:443,26,172.16.0.35,45745,172.19.0.8,443,26,12,14,23102,5932,17170,888.5384615384615,86,1294,557.8573177634659,311204.7869822485,0.6278369951454468,494.3333333333333,86,1294,565.5586225631747,319856.55555555556,1.1440835250772248,1226.4285714285713,370,1294,237.53156610850522,56421.244897959186,0.19367745634939273,0.018434114456176758,0.0,0.20084691047668457,0.04587624134562246,0.0021046295200017997,0.04186853495511142,0.0,0.20084691047668457,0.061964744977018434,0.003839629620066931,0.010881919127244215,8.487701416015625e-05,0.08381891250610352,0.02582856594004631,0.0006671148185193204,17,9,0.6538461538461539,0.34615384615384615,0,0.0,1.0,4,5,17,0,0,0.15384615384615385,0.19230769230769232,0.0,0.6538461538461539,0.0,0.9957274520849255,1.5044201498452237,0.46085286140441895
traffic_record_GET_FLOOD.pcap,172.16.0.35:44356->172.19.0.8:443,26,172.16.0.35,44356,172.19.0.8,443,26,12,14,20696,3516,17180,796.0,86,1294,582.3607129606186,339144.0,0.7316089358801741,293.0,86,1294,447.80911111767256,200533.0,1.5283587410159474,1227.142857142857,380,1294,234.95618349655177,55204.4081632653,0.19146604010196303,0.011534881591796876,1.2159347534179688e-05,0.18222618103027344,0.037654401290194324,0.001417853936522988,0.026215639981356533,3.695487976074219e-05,0.18222618103027344,0.053635259747140486,0.0028767410881432283,0.008011836272019606,8.893013000488281e-05,0.07544708251953125,0.020749234356986244,0.0004305307264011384,19,7,0.7307692307692307,0.2692307692307692,0,0.0,1.0,2,5,19,0,0,0.07692307692307693,0.19230769230769232,0.0,0.7307692307692307,0.0,0.9957274520849255,1.6137149724283613,0.2883720397949219
traffic_record_GET_FLOOD.pcap,172.16.0.35:52939->172.19.0.8:443,26,172.16.0.35,52939,172.19.0.8,443,26,14,12,23114,8520,14594,889.0,86,1294,557.684843451375,311012.3846153846,0.6273170342535151,608.5714285714286,86,1294,593.6874736143004,352464.81632653065,0.9755427970188035,1216.1666666666667,378,1294,252.71783782621188,63866.30555555553,0.20779868808514063,0.026742677688598632,0.0,0.39951205253601074,0.08545390391583668,0.007302369694457047,0.05140245877779447,0.0,0.39951205253601074,0.1130859219604425,0.012788425745643291,0.005767280405217951,8.702278137207031e-05,0.03821206092834473,0.012308517894435253,0.00015149961275763284,15,11,0.5769230769230769,0.4230769230769231,0,0.0,1.0,6,5,15,0,0,0.23076923076923078,0.19230769230769232,0.0,0.5769230769230769,0.0,0.9957274520849255,1.5044201498452237,0.6685669422149658
traffic_record_GET_FLOOD.pcap,172.16.0.35:46711->172.19.0.8:443,26,172.16.0.35,46711,172.19.0.8,443,26,22,4,19558,14382,5176,752.2307692307693,86,1294,585.2821349697879,342555.17751479294,0.7780619444326865,653.7272727272727,86,1294,584.6099851274727,341768.83471074386,0.8942719839246557,1294.0,1294,1294,0.0,0.0,0.0,0.19971464157104493,0.0,1.6007940769195557,0.36978007261402396,0.13673730210243284,0.2377555256798154,0.0,1.6007940769195557,0.39212073302728967,0.15375866926985898,0.000330050786336263,0.00011515617370605469,0.0007519721984863281,0.00029836078176576054,8.90191560958758e-08,4,22,0.15384615384615385,0.8461538461538461,0,0.0,1.0,10,12,4,0,0,0.38461538461538464,0.46153846153846156,0.0,0.15384615384615385,0.0,0.6193821946787638,1.8999495676359617,4.992866039276123
traffic_record_GET_FLOOD.pcap,172.16.0.35:44959->172.19.0.8:443,26,172.16.0.35,44959,172.19.0.8,443,26,19,7,23112,15248,7864,888.9230769230769,86,1394,564.8913389777463,319102.224852071,0.6354783148763155,802.5263157894736,86,1394,587.4762587293525,345128.3545706371,0.7320336382383065,1123.4285714285713,104,1294,416.1808868896371,173206.5306122449,0.3704560285131562,0.14812915802001952,0.0,1.6005821228027344,0.349906708496198,0.12243470465064328,0.20446827676561144,0.0,1.6005821228027344,0.39838885487971176,0.15871367969236802,0.04997698465983073,9.107589721679688e-05,0.29785704612731934,0.11085595762933365,0.012289043341916618,8,18,0.3076923076923077,0.6923076923076923,0,0.0,1.0,10,8,8,0,0,0.38461538461538464,0.3076923076923077,0.0,0.3076923076923077,0.0,0.8403586716091171,2.0081320258333997,3.7032289505004883
traffic_record_GET_FLOOD.pcap,172.16.0.35:56751->172.19.0.8:443,26,172.16.0.35,56751,172.19.0.8,443,26,15,11,26748,13426,13322,1028.7692307692307,86,1294,486.1120722071837,236304.94674556216,0.47251809022681235,895.0666666666667,86,1294,564.2528353692361,318381.2622222222,0.6304031379814197,1211.090909090909,394,1294,258.38852160878497,66764.62809917354,0.21335187942475867,0.12092099189758301,0.0,1.6007587909698486,0.34864543935889447,0.12155364238575657,0.21590464455740793,0.0,1.6007587909698486,0.4433488169091356,0.1965581734547302,0.0008667945861816406,8.988380432128906e-05,0.003984928131103516,0.0012804963871560573,1.6396709975197156e-06,10,16,0.38461538461538464,0.6153846153846154,0,0.0,1.0,10,6,10,0,0,0.38461538461538464,0.23076923076923078,0.0,0.38461538461538464,0.0,0.9828586897127056,1.1929993566060646,3.023024797439575
traffic_record_GET_FLOOD.pcap,172.16.0.35:46164->172.19.0.8:443,26,172.16.0.35,46164,172.19.0.8,443,26,12,14,20687,3516,17171,795.6538461538462,86,1294,582.6105007310889,339434.9955621302,0.7322411668684832,293.0,86,1294,447.80911111767256,200533.0,1.5283587410159474,1226.5,371,1294,237.2740278364117,56298.96428571428,0.19345619880669523,0.0018815135955810548,0.0,0.023579835891723633,0.0047559029930154696,2.26186132789735e-05,0.0042761672626842155,0.0,0.023579835891723633,0.0068331185933244885,4.669150971043684e-05,0.0013291468987098108,9.894371032714844e-05,0.01112222671508789,0.0029800212739165503,8.88052679299522e-06,19,7,0.7307692307692307,0.2692307692307692,0,0.0,1.0,2,5,19,0,0,0.07692307692307693,0.19230769230769232,0.0,0.7307692307692307,0.0,0.9957274520849255,1.6137149724283613,0.04703783988952637
traffic_record_GET_FLOOD.pcap,172.16.0.35:44044->172.19.0.8:443,26,172.16.0.35,44044,172.19.0.8,443,26,12,14,20690,3516,17174,795.7692307692307,86,1294,582.5266786688372,339337.3313609467,0.732029659032855,293.0,86,1294,447.80911111767256,200533.0,1.5283587410159474,1226.7142857142858,374,1294,236.50141303456712,55932.918367346916,0.192792580789795,0.000872039794921875,0.0,0.013092994689941406,0.002562220286350524,6.5649727957861604e-06,0.001970464533025568,0.0,0.0135040283203125,0.0037466044623582014,1.4037044997362386e-05,0.0006698461679311899,0.0001399517059326172,0.005792856216430664,0.0014863221289747118,2.20915347107992e-06,19,7,0.7307692307692307,0.2692307692307692,0,0.0,1.0,2,5,19,0,0,0.07692307692307693,0.19230769230769232,0.0,0.7307692307692307,0.0,0.9957274520849255,1.6137149724283613,0.021800994873046875
traffic_record_GET_FLOOD.pcap,172.16.0.35:49718->172.19.0.8:443,26,172.16.0.35,49718,172.19.0.8,443,26,8,18,25522,3172,22350,981.6153846153846,86,1294,514.8418784086174,265062.1597633136,0.5244843209240675,396.5,86,1294,518.3268756296552,268662.75,1.3072556762412488,1241.6666666666667,380,1294,208.98617710801406,43675.22222222222,0.16831101512054822,0.0009503555297851562,0.0,0.013186931610107422,0.0027070022724781082,7.327861303201643e-06,0.003365414483206613,0.0,0.013186931610107422,0.00476649482247544,2.2719472892685172e-05,0.0003529997432933134,2.5987625122070312e-05,0.0051190853118896484,0.0011936786260337193,1.4248686622497478e-06,19,7,0.7307692307692307,0.2692307692307692,0,0.0,1.0,2,5,19,0,0,0.07692307692307693,0.19230769230769232,0.0,0.7307692307692307,0.0,0.8904916402194913,1.3363816313106462,0.023758888244628906
traffic_record_GET_FLOOD.pcap,172.16.0.35:57794->172.19.0.8:443,26,172.16.0.35,57794,172.19.0.8,443,26,12,14,20690,3516,17174,795.7692307692307,86,1294,582.5266786688372,339337.3313609467,0.732029659032855,293.0,86,1294,447.80911111767256,200533.0,1.5283587410159474,1226.7142857142858,374,1294,236.50141303456712,55932.918367346916,0.192792580789795,0.0007713222503662109,0.0,0.009791135787963867,0.0020706136816512643,4.287441018641403e-06,0.0017530051144686613,0.0,0.009898185729980469,0.0029402227252382836,8.644909674007639e-06,0.00072783690232497,9.584426879882812e-05,0.007766008377075195,0.002033076509049366,4.133400091648357e-06,19,7,0.7307692307692307,0.2692307692307692,0,0.0,1.0,2,5,19,0,0,0.07692307692307693,0.19230769230769232,0.0,0.7307692307692307,0.0,0.9957274520849255,1.6137149724283613,0.019283056259155273
traffic_record_GET_FLOOD.pcap,172.16.0.35:49859->172.19.0.8:443,26,172.16.0.35,49859,172.19.0.8,443,26,11,15,21887,3418,18469,841.8076923076923,86,1294,572.595441774407,327865.5399408284,0.6801974453389951,310.72727272727275,86,1294,463.6725119597963,214992.19834710742,1.4922169782205263,1231.2666666666667,377,1294,228.31337139019158,52126.99555555555,0.18542966976300146,0.0012948417663574219,0.0,0.015373945236206055,0.003438150982051205,1.1820882175379666e-05,0.003222799301147461,0.0,0.024765968322753906,0.007272776438377639,5.2893277122620936e-05,0.001214078494480678,0.00013303756713867188,0.009742975234985352,0.0027018911638575322,7.300215861331411e-06,20,6,0.7692307692307693,0.23076923076923078,0,0.0,1.0,2,4,20,0,0,0.07692307692307693,0.15384615384615385,0.0,0.7692307692307693,0.0,0.9828586897127056,1.4830749314332756,0.03237104415893555
traffic_record_GET_FLOOD.pcap,172.16.0.35:60193->172.19.0.8:443,26,172.16.0.35,60193,172.19.0.8,443,26,11,15,21887,3418,18469,841.8076923076923,86,1294,572.595441774407,327865.5399408284,0.6801974453389951,310.72727272727275,86,1294,463.6725119597963,214992.19834710742,1.4922169782205263,1231.2666666666667,377,1294,228.31337139019158,52126.99555555555,0.18542966976300146,0.0014600753784179688,1.2159347534179688e-05,0.028647899627685547,0.005617849140277521,3.156022896291688e-05,0.0036432027816772463,3.314018249511719e-05,0.029211997985839844,0.008634473828310188,7.45541382917736e-05,0.0005609989166259766,9.512901306152344e-05,0.0055730342864990234,0.0014023942463990602,1.966709622333188e-06,20,6,0.7692307692307693,0.23076923076923078,0,0.0,1.0,2,4,20,0,0,0.07692307692307693,0.15384615384615385,0.0,0.7692307692307693,0.0,0.9828586897127056,1.4830749314332756,0.03650188446044922
traffic_record_GET_FLOOD.pcap,172.16.0.35:46550->172.19.0.8:443,26,172.16.0.35,46550,172.19.0.8,443,26,12,14,20689,3516,17173,795.7307692307693,86,1294,582.5545572134661,339369.81213017745,0.7321000767340189,293.0,86,1294,447.80911111767256,200533.0,1.5283587410159474,1226.642857142857,373,1294,236.75895129943487,56054.80102040817,0.19301376103139162,0.0006643962860107421,9.5367431640625e-07,0.009463787078857422,0.0018726535117411592,3.506831175036496e-06,0.001509991559115323,9.5367431640625e-07,0.009796857833862305,0.0027274077935397706,7.4387532722614805e-06,0.0005426223461444562,9.918212890625e-05,0.00501704216003418,0.0012967534824350232,1.68156959420736e-06,19,7,0.7307692307692307,0.2692307692307692,0,0.0,1.0,2,5,19,0,0,0.07692307692307693,0.19230769230769232,0.0,0.7307692307692307,0.0,0.9957274520849255,1.6137149724283613,0.016609907150268555
traffic_record_GET_FLOOD.pcap,172.16.0.35:40115->172.19.0.8:443,26,172.16.0.35,40115,172.19.0.8,443,26,8,18,25522,3172,22350,981.6153846153846,86,1294,514.8418784086174,265062.1597633136,0.5244843209240675,396.5,86,1294,518.3268756296552,268662.75,1.3072556762412488,1241.6666666666667,380,1294,208.98617710801406,43675.22222222222,0.16831101512054822,0.0012993621826171875,0.0,0.023600101470947266,0.004644546558135681,2.157181273069e-05,0.00461888313293457,0.0,0.024402141571044922,0.008227153133903082,6.76860486886913e-05,0.0005225854761460248,2.5033950805664062e-05,0.00728297233581543,0.0017072854690503285,2.9148236728304e-06,19,7,0.7307692307692307,0.2692307692307692,0,0.0,1.0,2,5,19,0,0,0.07692307692307693,0.19230769230769232,0.0,0.7307692307692307,0.0,0.8904916402194913,1.3363816313106462,0.03248405456542969
traffic_record_GET_FLOOD.pcap,172.16.0.35:48821->172.19.0.8:443,26,172.16.0.35,48821,172.19.0.8,443,26,12,14,20686,3516,17170,795.6153846153846,86,1294,582.6385656861826,339467.6982248521,0.7323118393039131,293.0,86,1294,447.80911111767256,200533.0,1.5283587410159474,1226.4285714285713,370,1294,237.53156610850522,56421.244897959186,0.19367745634939273,0.0009556865692138672,1.4066696166992188e-05,0.016164064407348633,0.003165608414289416,1.0021076632619952e-05,0.0021720149300315165,2.6941299438476562e-05,0.016164064407348633,0.004535972650372835,2.057504788493036e-05,0.0005703889406644381,9.202957153320312e-05,0.005567073822021484,0.0014440657556645728,2.0853259066830935e-06,19,7,0.7307692307692307,0.2692307692307692,0,0.0,1.0,2,5,19,0,0,0.07692307692307693,0.19230769230769232,0.0,0.7307692307692307,0.0,0.9957274520849255,1.6137149724283613,0.02389216423034668
traffic_record_GET_FLOOD.pcap,172.16.0.35:43740->172.19.0.8:443,26,172.16.0.35,43740,172.19.0.8,443,26,12,14,20695,3516,17179,795.9615384615385,86,1294,582.3882184438903,339176.03698224854,0.7316788441430851,293.0,86,1294,447.80911111767256,200533.0,1.5283587410159474,1227.0714285714287,379,1294,235.21372174675346,55325.49489795916,0.19168706586265488,0.0006687545776367188,0.0,0.009521007537841797,0.0019011257695871224,3.614279191788228e-06,0.001519896767356179,0.0,0.009521007537841797,0.002701322376600264,7.297142582321297e-06,0.0005222283876859224,6.198883056640625e-05,0.00528407096862793,0.0013754404038827433,1.8918363046331241e-06,19,7,0.7307692307692307,0.2692307692307692,0,0.0,1.0,2,5,19,0,0,0.07692307692307693,0.19230769230769232,0.0,0.7307692307692307,0.0,0.9957274520849255,1.6137149724283613,0.01671886444091797
traffic_record_GET_FLOOD.pcap,172.16.0.35:38304->172.19.0.8:443,26,172.16.0.35,38304,172.19.0.8,443,26,9,17,24315,3258,21057,935.1923076923077,86,1294,538.478056065338,289958.61686390534,0.5757939320460123,362.0,86,1294,498.3305462575351,248333.33333333334,1.3766037189434672,1238.6470588235295,381,1294,214.412724923211,45972.81660899654,0.1731023566364908,0.0008657169342041015,1.4066696166992188e-05,0.015318870544433594,0.0030135052411374035,9.0812138383626e-06,0.0026971101760864258,3.814697265625e-05,0.015759944915771484,0.0050368482324461335,2.536984011669574e-05,0.0003952533006668091,2.09808349609375e-05,0.0051097869873046875,0.0012269024951639495,1.5052897326395254e-06,19,7,0.7307692307692307,0.2692307692307692,0,0.0,1.0,2,5,19,0,0,0.07692307692307693,0.19230769230769232,0.0,0.7307692307692307,0.0,0.9305861291319928,1.4289531786810297,0.02164292335510254
traffic_record_GET_FLOOD.pcap,172.16.0.35:54740->172.19.0.8:443,26,172.16.0.35,54740,172.19.0.8,443,26,12,14,20690,3516,17174,795.7692307692307,86,1294,582.5266786688372,339337.3313609467,0.732029659032855,293.0,86,1294,447.80911111767256,200533.0,1.5283587410159474,1226.7142857142858,374,1294,236.50141303456712,55932.918367346916,0.192792580789795,0.0006463527679443359,0.0,0.009091854095458984,0.001818598759825868,3.3073014492401852e-06,0.0014689835635098543,0.0,0.009486913681030273,0.0026724331991321423,7.1418992038236565e-06,0.0005428424248328576,8.797645568847656e-05,0.00523686408996582,0.0013614882207804392,1.853650175323886e-06,19,7,0.7307692307692307,0.2692307692307692,0,0.0,1.0,2,5,19,0,0,0.07692307692307693,0.19230769230769232,0.0,0.7307692307692307,0.0,0.9957274520849255,1.6137149724283613,0.0161588191986084
traffic_record_GET_FLOOD.pcap,172.16.0.35:46309->172.19.0.8:443,26,172.16.0.35,46309,172.19.0.8,443,26,7,19,26721,3086,23635,1027.7307692307693,86,1294,486.0631137946141,236257.35059171595,0.47294790459413816,440.85714285714283,86,1294,539.7246463499245,291302.693877551,1.224261997553296,1243.9473684210527,371,1294,205.75725955964674,42336.04986149584,0.16540672441858634,0.0008624839782714844,0.0,0.013399124145507812,0.002659570291804873,7.073314137051057e-06,0.0035408337910970054,0.0,0.013399124145507812,0.004749631969053402,2.255900384145409e-05,0.00035827689700656466,3.1948089599609375e-05,0.005509853363037109,0.0012510731815279388,1.5651841055384388e-06,19,7,0.7307692307692307,0.2692307692307692,0,0.0,1.0,2,5,19,0,0,0.07692307692307693,0.19230769230769232,0.0,0.7307692307692307,0.0,0.8403586716091171,1.2220334913046595,0.02156209945678711
traffic_record_GET_FLOOD.pcap,172.16.0.35:33924->172.19.0.8:443,26,172.16.0.35,33924,172.19.0.8,443,26,12,14,20697,3516,17181,796.0384615384615,86,1294,582.3332696851937,339112.03698224854,0.731539112519449,293.0,86,1294,447.80911111767256,200533.0,1.5283587410159474,1227.2142857142858,381,1294,234.69864524882254,55083.454081632655,0.19124504007237736,0.0007817649841308594,2.4080276489257812e-05,0.009777069091796875,0.002037912028382919,4.153085435427783e-06,0.0017767386002974076,2.4080276489257812e-05,0.010473966598510742,0.0030334154442733024,9.201609257555797e-06,0.0007491478553185096,0.000102996826171875,0.007228851318359375,0.0018812261353906784,3.5390117724769476e-06,19,7,0.7307692307692307,0.2692307692307692,0,0.0,1.0,2,5,19,0,0,0.07692307692307693,0.19230769230769232,0.0,0.7307692307692307,0.0,0.9957274520849255,1.6137149724283613,0.019544124603271484
traffic_record_GET_FLOOD.pcap,172.16.0.35:44896->172.19.0.8:443,26,172.16.0.35,44896,172.19.0.8,443,26,12,14,20694,3516,17178,795.9230769230769,86,1294,582.4157861261954,339208.1479289941,0.7317488373094172,293.0,86,1294,447.80911111767256,200533.0,1.5283587410159474,1227.0,378,1294,235.47125999941963,55446.71428571428,0.1919081173589402,0.000670156478881836,0.0,0.009511947631835938,0.0018800563506220069,3.534611881514138e-06,0.001523082906549627,0.0,0.009799957275390625,0.0027208160201278963,7.402839815384606e-06,0.0005517739516038161,9.799003601074219e-05,0.005398988723754883,0.0014021875034084925,1.966129794714941e-06,19,7,0.7307692307692307,0.2692307692307692,0,0.0,1.0,2,5,19,0,0,0.07692307692307693,0.19230769230769232,0.0,0.7307692307692307,0.0,0.9957274520849255,1.6137149724283613,0.0167539119720459
traffic_record_GET_FLOOD.pcap,172.16.0.35:47859->172.19.0.8:443,26,172.16.0.35,47859,172.19.0.8,443,26,9,17,24311,3258,21053,935.0384615384615,86,1294,538.6369178676308,290129.72928994085,0.57605856873672,362.0,86,1294,498.3305462575351,248333.33333333334,1.3766037189434672,1238.4117647058824,377,1294,215.3538971972931,46377.30103806228,0.1738952288203098,0.0009952449798583984,2.4080276489257812e-05,0.01872396469116211,0.00365968488607674,1.3393293465378521e-05,0.003107130527496338,3.600120544433594e-05,0.019147157669067383,0.006126656660064422,3.7535921830311736e-05,0.0003848224878311157,2.5033950805664062e-05,0.004806995391845703,0.0011543012191893535,1.3324113046220276e-06,19,7,0.7307692307692307,0.2692307692307692,0,0.0,1.0,2,5,19,0,0,0.07692307692307693,0.19230769230769232,0.0,0.7307692307692307,0.0,0.9305861291319928,1.4289531786810297,0.02488112449645996
traffic_record_GET_FLOOD.pcap,172.16.0.35:34645->172.19.0.8:443,26,172.16.0.35,34645,172.19.0.8,443,26,12,14,20694,3516,17178,795.9230769230769,86,1294,582.4157861261954,339208.1479289941,0.7317488373094172,293.0,86,1294,447.80911111767256,200533.0,1.5283587410159474,1227.0,378,1294,235.47125999941963,55446.71428571428,0.1919081173589402,0.0007260417938232421,0.0,0.01085209846496582,0.0021437218712028034,4.595543461073248e-06,0.0016432675448330965,0.0,0.011245012283325195,0.003149275296961655,9.917934896052919e-06,0.0005614574138934796,9.703636169433594e-05,0.005291938781738281,0.0013728273980993906,1.8846550649723423e-06,19,7,0.7307692307692307,0.2692307692307692,0,0.0,1.0,2,5,19,0,0,0.07692307692307693,0.19230769230769232,0.0,0.7307692307692307,0.0,0.9957274520849255,1.6137149724283613,0.018151044845581055
traffic_record_GET_FLOOD.pcap,172.16.0.35:34291->172.19.0.8:443,26,172.16.0.35,34291,172.19.0.8,443,26,8,18,25508,3160,22348,981.0769230769231,86,1294,515.728381334215,265975.7633136095,0.5256757846436251,395.0,86,1294,519.2051617617067,269574.0,1.3144434474979916,1241.5555555555557,378,1294,209.4442970821763,43866.913580246925,0.16869506655983413,0.003604679107666016,9.5367431640625e-07,0.05204296112060547,0.011799890016531044,0.000139237404402229,0.012864862169538225,9.5367431640625e-07,0.0868229866027832,0.03020019020452721,0.0009120514883896212,0.00335840617909151,2.5033950805664062e-05,0.05233907699584961,0.012265602143664846,0.00015044499594667565,20,6,0.7692307692307693,0.23076923076923078,0,0.0,1.0,2,4,20,0,0,0.07692307692307693,0.15384615384615385,0.0,0.7692307692307693,0.0,0.8904916402194913,1.2884926890861643,0.09011697769165039
traffic_record_GET_FLOOD.pcap,172.16.0.35:41488->172.19.0.8:443,26,172.16.0.35,41488,172.19.0.8,443,26,11,15,21884,3418,18466,841.6923076923077,86,1294,572.68938884414,327973.1360946746,0.6804023080765692,310.72727272727275,86,1294,463.6725119597963,214992.19834710742,1.4922169782205263,1231.0666666666666,374,1294,229.06169959690388,52469.262222222234,0.1860676645702133,0.0007538032531738281,9.5367431640625e-07,0.010210990905761719,0.00212490987132043,4.515241961235006e-06,0.0018845081329345703,9.5367431640625e-07,0.010743141174316406,0.003254341176732684,1.059073649457787e-05,0.0006141492298671178,0.0001010894775390625,0.006131887435913086,0.0015391225012916566,2.3688980739822855e-06,20,6,0.7692307692307693,0.23076923076923078,0,0.0,1.0,2,4,20,0,0,0.07692307692307693,0.15384615384615385,0.0,0.7692307692307693,0.0,0.9828586897127056,1.4830749314332756,0.018845081329345703
traffic_record_GET_FLOOD.pcap,172.16.0.35:55327->172.19.0.8:443,26,172.16.0.35,55327,172.19.0.8,443,26,11,15,21901,3430,18471,842.3461538461538,86,1294,571.9281115602723,327101.76479289937,0.6789704077698315,311.8181818181818,86,1294,463.15632903369357,214513.785123967,1.485340996901058,1231.4,379,1294,227.81448593098727,51899.439999999995,0.18500445503572133,0.0006977176666259766,9.5367431640625e-07,0.009567022323608398,0.0019100738179039479,3.648381989842164e-06,0.0017316102981567382,9.5367431640625e-07,0.009567022323608398,0.002804462842984367,7.865011837679959e-06,0.0005389962877546038,9.417533874511719e-05,0.005557060241699219,0.0013927490487791103,1.9397499128751164e-06,19,7,0.7307692307692307,0.2692307692307692,0,0.0,1.0,2,5,19,0,0,0.07692307692307693,0.19230769230769232,0.0,0.7307692307692307,0.0,0.9828586897127056,1.5654483718208254,0.017442941665649414
traffic_record_GET_FLOOD.pcap,172.16.0.35:41302->172.19.0.8:443,26,172.16.0.35,41302,172.19.0.8,443,26,8,18,25512,3172,22340,981.2307692307693,86,1294,515.2947108725787,265528.63905325445,0.5251513986628663,396.5,86,1294,518.3268756296552,268662.75,1.3072556762412488,1241.111111111111,370,1294,211.27677710342394,44637.87654320988,0.17023196006542662,0.0009830379486083984,1.3113021850585938e-05,0.014760971069335938,0.0029592352766494357,8.757073422566463e-06,0.003490992954799107,3.790855407714844e-05,0.014760971069335938,0.005127398898240519,2.6290219461678093e-05,0.0003542339100557215,2.09808349609375e-05,0.005204916000366211,0.0012141243931535236,1.474098042050412e-06,19,7,0.7307692307692307,0.2692307692307692,0,0.0,1.0,2,5,19,0,0,0.07692307692307693,0.19230769230769232,0.0,0.7307692307692307,0.0,0.8904916402194913,1.3363816313106462,0.02457594871520996
traffic_record_GET_FLOOD.pcap,172.16.0.35:47773->172.19.0.8:443,26,172.16.0.35,47773,172.19.0.8,443,26,12,14,20694,3516,17178,795.9230769230769,86,1294,582.4157861261954,339208.1479289941,0.7317488373094172,293.0,86,1294,447.80911111767256,200533.0,1.5283587410159474,1227.0,378,1294,235.47125999941963,55446.71428571428,0.1919081173589402,0.0007179164886474609,0.0,0.009264945983886719,0.0018625491977300136,3.4690895139647175e-06,0.001631628383289684,0.0,0.009668827056884766,0.0027467056429393735,7.544391888954997e-06,0.0006656830127422626,9.918212890625e-05,0.006028890609741211,0.001576234491653506,2.4845151726781863e-06,19,7,0.7307692307692307,0.2692307692307692,0,0.0,1.0,2,5,19,0,0,0.07692307692307693,0.19230769230769232,0.0,0.7307692307692307,0.0,0.9957274520849255,1.6137149724283613,0.017947912216186523
traffic_record_GET_FLOOD.pcap,172.16.0.35:59172->172.19.0.8:443,26,172.16.0.35,59172,172.19.0.8,443,26,12,14,20698,3516,17182,796.0769230769231,86,1294,582.3058886264109,339080.1479289941,0.7314693740596523,293.0,86,1294,447.80911111767256,200533.0,1.5283587410159474,1227.2857142857142,382,1294,234.44110700357393,54962.6326530612,0.1910240657694119,0.0014855670928955078,0.0,0.02678513526916504,0.005209274548833649,2.7136541325126023e-05,0.003367272290316495,0.0,0.02678513526916504,0.00751101030856624,5.6415275855388324e-05,0.0007862311143141526,9.417533874511719e-05,0.004333019256591797,0.0012843185533247298,1.6494741464141265e-06,19,7,0.7307692307692307,0.2692307692307692,0,0.0,1.0,2,5,19,0,0,0.07692307692307693,0.19230769230769232,0.0,0.7307692307692307,0.0,0.9957274520849255,1.6137149724283613,0.037139177322387695
traffic_record_GET_FLOOD.pcap,172.16.0.35:50302->172.19.0.8:443,26,172.16.0.35,50302,172.19.0.8,443,26,12,14,20697,3516,17181,796.0384615384615,86,1294,582.3332696851937,339112.03698224854,0.731539112519449,293.0,86,1294,447.80911111767256,200533.0,1.5283587410159474,1227.2142857142858,381,1294,234.69864524882254,55083.454081632655,0.19124504007237736,0.0006840801239013671,0.0,0.010046005249023438,0.001989400563962344,3.957714603893692e-06,0.001554727554321289,0.0,0.010391950607299805,0.0029035509219559013,8.430607956390965e-06,0.0005414669330303485,9.584426879882812e-05,0.005136966705322266,0.001331335282052186,1.7724536332369734e-06,19,7,0.7307692307692307,0.2692307692307692,0,0.0,1.0,2,5,19,0,0,0.07692307692307693,0.19230769230769232,0.0,0.7307692307692307,0.0,0.9957274520849255,1.6137149724283613,0.01710200309753418
traffic_record_GET_FLOOD.pcap,172.16.0.35:57953->172.19.0.8:443,26,172.16.0.35,57953,172.19.0.8,443,26,12,14,20698,3516,17182,796.0769230769231,86,1294,582.3058886264109,339080.1479289941,0.7314693740596523,293.0,86,1294,447.80911111767256,200533.0,1.5283587410159474,1227.2857142857142,382,1294,234.44110700357393,54962.6326530612,0.1910240657694119,0.0006674003601074219,9.5367431640625e-07,0.008704900741577148,0.0017227967339927674,2.968028586656146e-06,0.0015168190002441406,9.5367431640625e-07,0.00908207893371582,0.0025093868867749254,6.297022547517951e-06,0.0006116170149583083,0.0001361370086669922,0.0050427913665771484,0.0012916635284682529,1.6683946707750569e-06,19,7,0.7307692307692307,0.2692307692307692,0,0.0,1.0,2,5,19,0,0,0.07692307692307693,0.19230769230769232,0.0,0.7307692307692307,0.0,0.9957274520849255,1.6137149724283613,0.016685009002685547
traffic_record_GET_FLOOD.pcap,172.16.0.35:47111->172.19.0.8:443,26,172.16.0.35,47111,172.19.0.8,443,26,8,18,25514,3172,22342,981.3076923076923,86,1294,515.2036019665331,265434.75147928996,0.5250173885368763,396.5,86,1294,518.3268756296552,268662.75,1.3072556762412488,1241.2222222222222,372,1294,210.81865707958465,44444.50617283951,0.16984763348995274,0.0008545684814453125,0.0,0.015236139297485352,0.002996728588711998,8.980382234403804e-06,0.0030281543731689453,0.0,0.015561103820800781,0.0052135844750090315,2.7181463078055197e-05,0.0003604748669792624,2.5033950805664062e-05,0.005090951919555664,0.0011881131624236997,1.4116128867244447e-06,19,7,0.7307692307692307,0.2692307692307692,0,0.0,1.0,2,5,19,0,0,0.07692307692307693,0.19230769230769232,0.0,0.7307692307692307,0.0,0.8904916402194913,1.3363816313106462,0.021364212036132812
traffic_record_GET_FLOOD.pcap,172.16.0.35:40384->172.19.0.8:443,26,172.16.0.35,40384,172.19.0.8,443,26,12,14,20693,3516,17177,795.8846153846154,86,1294,582.4434159987018,339240.3328402367,0.7318189153803821,293.0,86,1294,447.80911111767256,200533.0,1.5283587410159474,1226.9285714285713,377,1294,235.72879825454206,55568.06632653059,0.19212919459530703,0.0006814479827880859,0.0,0.008923053741455078,0.0017889408642156792,3.200309415660741e-06,0.001548745415427468,0.0,0.009308099746704102,0.002607853327464453,6.80089897756742e-06,0.0006166971646822416,9.608268737792969e-05,0.005808115005493164,0.0015061072150431669,2.268358943205084e-06,19,7,0.7307692307692307,0.2692307692307692,0,0.0,1.0,2,5,19,0,0,0.07692307692307693,0.19230769230769232,0.0,0.7307692307692307,0.0,0.9957274520849255,1.6137149724283613,0.01703619956970215
traffic_record_GET_FLOOD.pcap,172.16.0.35:54309->172.19.0.8:443,26,172.16.0.35,54309,172.19.0.8,443,26,7,19,26724,3086,23638,1027.8461538461538,86,1294,485.9075325383574,236106.13017751483,0.4727434458163932,440.85714285714283,86,1294,539.7246463499245,291302.693877551,1.224261997553296,1244.1052631578948,374,1294,205.0873741236421,42060.83102493074,0.16484728438739316,0.001113557815551758,0.0,0.019006967544555664,0.00376301635820754,1.4160292112137539e-05,0.004593173662821452,0.0,0.019700050354003906,0.006919141945262109,4.787452525868553e-05,0.0004906654357910156,2.5033950805664062e-05,0.007378101348876953,0.001679610058468969,2.8210899485101336e-06,19,7,0.7307692307692307,0.2692307692307692,0,0.0,1.0,2,5,19,0,0,0.07692307692307693,0.19230769230769232,0.0,0.7307692307692307,0.0,0.8403586716091171,1.2220334913046595,0.027838945388793945
traffic_record_GET_FLOOD.pcap,172.16.0.35:41727->172.19.0.8:443,26,172.16.0.35,41727,172.19.0.8,443,26,12,14,20693,3516,17177,795.8846153846154,86,1294,582.4434159987018,339240.3328402367,0.7318189153803821,293.0,86,1294,447.80911111767256,200533.0,1.5283587410159474,1226.9285714285713,377,1294,235.72879825454206,55568.06632653059,0.19212919459530703,0.0007779979705810547,0.0,0.009256124496459961,0.0019738957155974934,3.896264296054141e-06,0.0017681772058660333,0.0,0.009799003601074219,0.0028837656387108754,8.316104259009544e-06,0.0007827648749718299,9.512901306152344e-05,0.00809788703918457,0.0021183822568348206,4.4875433860725885e-06,19,7,0.7307692307692307,0.2692307692307692,0,0.0,1.0,2,5,19,0,0,0.07692307692307693,0.19230769230769232,0.0,0.7307692307692307,0.0,0.9957274520849255,1.6137149724283613,0.019449949264526367
traffic_record_GET_FLOOD.pcap,172.16.0.35:51682->172.19.0.8:443,26,172.16.0.35,51682,172.19.0.8,443,26,12,14,20692,3516,17176,795.8461538461538,86,1294,582.4711080525594,339272.59171597636,0.7318890783571692,293.0,86,1294,447.80911111767256,200533.0,1.5283587410159474,1226.857142857143,376,1294,235.9863365121128,55689.55102040815,0.19235029757624472,0.0007679176330566407,2.3126602172851562e-05,0.00945591926574707,0.0020150326846078244,4.0603567200378165e-06,0.0017452673478560014,3.886222839355469e-05,0.009511947631835938,0.0028211540099393586,7.958909947796922e-06,0.0007473138662484976,9.202957153320312e-05,0.007910013198852539,0.002068320447369569,4.2779494730070545e-06,19,7,0.7307692307692307,0.2692307692307692,0,0.0,1.0,2,5,19,0,0,0.07692307692307693,0.19230769230769232,0.0,0.7307692307692307,0.0,0.9957274520849255,1.6137149724283613,0.019197940826416016
traffic_record_GET_FLOOD.pcap,172.16.0.35:57732->172.19.0.8:443,26,172.16.0.35,57732,172.19.0.8,443,26,8,18,25511,3160,22351,981.1923076923077,86,1294,515.5937592293113,265836.924556213,0.5254767645314607,395.0,86,1294,519.2051617617067,269574.0,1.3144434474979916,1241.7222222222222,381,1294,208.7571171256618,43579.53395061728,0.16811901517882477,0.001031322479248047,0.0,0.01931905746459961,0.003815104641453085,1.4555023425236872e-05,0.003674302782331194,0.0,0.019971132278442383,0.0068220243395331675,4.654001608918295e-05,0.0003802355598000919,2.5987625122070312e-05,0.004797935485839844,0.0011318109283046315,1.280995977429792e-06,20,6,0.7692307692307693,0.23076923076923078,0,0.0,1.0,2,4,20,0,0,0.07692307692307693,0.15384615384615385,0.0,0.7692307692307693,0.0,0.8904916402194913,1.2884926890861643,0.025783061981201172
traffic_record_GET_FLOOD.pcap,172.16.0.35:58809->172.19.0.8:443,26,172.16.0.35,58809,172.19.0.8,443,26,12,14,20688,3516,17172,795.6923076923077,86,1294,582.5824979038638,339402.3668639054,0.7321705793455364,293.0,86,1294,447.80911111767256,200533.0,1.5283587410159474,1226.5714285714287,372,1294,237.016489566719,56176.816326530614,0.19323496703552678,0.0006326389312744141,0.0,0.009062051773071289,0.0017971489448622385,3.2297443300194575e-06,0.0014291026375510476,0.0,0.00943613052368164,0.002639785889427796,6.968469542022101e-06,0.0005195324237530048,9.512901306152344e-05,0.004837989807128906,0.0012522461058057774,1.5681203095057343e-06,19,7,0.7307692307692307,0.2692307692307692,0,0.0,1.0,2,5,19,0,0,0.07692307692307693,0.19230769230769232,0.0,0.7307692307692307,0.0,0.9957274520849255,1.6137149724283613,0.01581597328186035
traffic_record_GET_FLOOD.pcap,172.16.0.35:43600->172.19.0.8:443,26,172.16.0.35,43600,172.19.0.8,443,26,9,17,24307,3258,21049,934.8846153846154,86,1294,538.7968310485214,290302.025147929,0.5763244171334001,362.0,86,1294,498.3305462575351,248333.33333333334,1.3766037189434672,1238.1764705882354,373,1294,216.29506950789607,46783.557093425596,0.17468840237703612,0.0019746875762939454,0.0,0.02392101287841797,0.0060877352539369855,3.7060520522027215e-05,0.006162881851196289,0.0,0.024342060089111328,0.009632658243544574,9.278810483692723e-05,0.0015903860330581665,2.09808349609375e-05,0.024252891540527344,0.005853518016055039,3.426367316428092e-05,19,7,0.7307692307692307,0.2692307692307692,0,0.0,1.0,2,5,19,0,0,0.07692307692307693,0.19230769230769232,0.0,0.7307692307692307,0.0,0.9305861291319928,1.4289531786810297,0.04936718940734863
traffic_record_GET_FLOOD.pcap,172.16.0.35:47668->172.19.0.8:443,26,172.16.0.35,47668,172.19.0.8,443,26,12,14,20694,3516,17178,795.9230769230769,86,1294,582.4157861261954,339208.1479289941,0.7317488373094172,293.0,86,1294,447.80911111767256,200533.0,1.5283587410159474,1227.0,378,1294,235.47125999941963,55446.71428571428,0.1919081173589402,0.0006489658355712891,0.0,0.008816003799438477,0.0017737187833545454,3.1460783224247288e-06,0.0014679215171120384,0.0,0.009160041809082031,0.002583846681525698,6.676263673631362e-06,0.0005698570838341346,9.989738464355469e-05,0.005445003509521484,0.001411487464368964,1.992296862070727e-06,19,7,0.7307692307692307,0.2692307692307692,0,0.0,1.0,2,5,19,0,0,0.07692307692307693,0.19230769230769232,0.0,0.7307692307692307,0.0,0.9957274520849255,1.6137149724283613,0.016224145889282227
traffic_record_GET_FLOOD.pcap,172.16.0.35:35759->172.19.0.8:443,26,172.16.0.35,35759,172.19.0.8,443,26,12,14,20686,3516,17170,795.6153846153846,86,1294,582.6385656861826,339467.6982248521,0.7323118393039131,293.0,86,1294,447.80911111767256,200533.0,1.5283587410159474,1226.4285714285713,370,1294,237.53156610850522,56421.244897959186,0.19367745634939273,0.0006969261169433593,0.0,0.009390115737915039,0.0018879437641321868,3.56433165652561e-06,0.0015839229930530894,0.0,0.009680986404418945,0.0027179820027145433,7.38742616708016e-06,0.0006153033329890325,9.393692016601562e-05,0.006129026412963867,0.0015947187873698865,2.5431280107904812e-06,19,7,0.7307692307692307,0.2692307692307692,0,0.0,1.0,2,5,19,0,0,0.07692307692307693,0.19230769230769232,0.0,0.7307692307692307,0.0,0.9957274520849255,1.6137149724283613,0.017423152923583984
traffic_record_GET_FLOOD.pcap,172.16.0.35:43463->172.19.0.8:443,26,172.16.0.35,43463,172.19.0.8,443,26,8,18,25522,3172,22350,981.6153846153846,86,1294,514.8418784086174,265062.1597633136,0.5244843209240675,396.5,86,1294,518.3268756296552,268662.75,1.3072556762412488,1241.6666666666667,380,1294,208.98617710801406,43675.22222222222,0.16831101512054822,0.0009065628051757813,0.0,0.016839981079101562,0.003299904859077575,1.088937207896379e-05,0.0032175609043666293,0.0,0.017210006713867188,0.005783953938007477,3.3454123156992195e-05,0.00034259347354664523,2.5033950805664062e-05,0.004809856414794922,0.0011226332508483825,1.2603054159104072e-06,19,7,0.7307692307692307,0.2692307692307692,0,0.0,1.0,2,5,19,0,0,0.07692307692307693,0.19230769230769232,0.0,0.7307692307692307,0.0,0.8904916402194913,1.3363816313106462,0.02266407012939453
traffic_record_GET_FLOOD.pcap,172.16.0.35:59532->172.19.0.8:443,26,172.16.0.35,59532,172.19.0.8,443,26,7,19,26732,3086,23646,1028.1538461538462,86,1294,485.49575711587306,235706.13017751483,0.4722014695874869,440.85714285714283,86,1294,539.7246463499245,291302.693877551,1.224261997553296,1244.5263157894738,382,1294,203.30101312845977,41331.301939058176,0.16335613843528443,0.00103424072265625,0.0,0.017132997512817383,0.003345106627870418,1.1189738351822598e-05,0.00399617354075114,0.0,0.017487049102783203,0.006142409903142363,3.772919941822137e-05,0.0004846122529771593,8.702278137207031e-05,0.0060880184173583984,0.0013677304463353165,1.8706865738326042e-06,19,7,0.7307692307692307,0.2692307692307692,0,0.0,1.0,2,5,19,0,0,0.07692307692307693,0.19230769230769232,0.0,0.7307692307692307,0.0,0.8403586716091171,1.2220334913046595,0.02585601806640625
traffic_record_GET_FLOOD.pcap,172.16.0.35:59397->172.19.0.8:443,26,172.16.0.35,59397,172.19.0.8,443,26,9,17,24313,3258,21055,935.1153846153846,86,1294,538.5573554858655,290044.025147929,0.5759260989031589,362.0,86,1294,498.3305462575351,248333.33333333334,1.3766037189434672,1238.5294117647059,379,1294,214.88331105565695,46174.83737024222,0.1734987550674979,0.0009166431427001953,2.5033950805664062e-05,0.015168905258178711,0.0029720416843662966,8.833031773610854e-06,0.0026532411575317383,3.1948089599609375e-05,0.015565872192382812,0.004960710119782228,2.46086448925098e-05,0.00048419833183288574,2.5033950805664062e-05,0.004868984222412109,0.0012140701669554276,1.4739663702911798e-06,19,7,0.7307692307692307,0.2692307692307692,0,0.0,1.0,2,5,19,0,0,0.07692307692307693,0.19230769230769232,0.0,0.7307692307692307,0.0,0.9305861291319928,1.4289531786810297,0.022916078567504883
traffic_record_GET_FLOOD.pcap,172.16.0.35:49587->172.19.0.8:443,26,172.16.0.35,49587,172.19.0.8,443,26,12,14,20687,3516,17171,795.6538461538462,86,1294,582.6105007310889,339434.9955621302,0.7322411668684832,293.0,86,1294,447.80911111767256,200533.0,1.5283587410159474,1226.5,371,1294,237.2740278364117,56298.96428571428,0.19345619880669523,0.0007575607299804688,0.0,0.011520862579345703,0.002258239402814853,5.099645200425584e-06,0.0017217289317737925,0.0,0.011841058731079102,0.0032896239858654142,1.0821625968381056e-05,0.0005668493417593149,0.000102996826171875,0.0051119327545166016,0.0013173291000569895,1.7353559578569576e-06,19,7,0.7307692307692307,0.2692307692307692,0,0.0,1.0,2,5,19,0,0,0.07692307692307693,0.19230769230769232,0.0,0.7307692307692307,0.0,0.9957274520849255,1.6137149724283613,0.01893901824951172
traffic_record_GET_FLOOD.pcap,172.16.0.35:58942->172.19.0.8:443,26,172.16.0.35,58942,172.19.0.8,443,26,12,14,20695,3516,17179,795.9615384615385,86,1294,582.3882184438903,339176.03698224854,0.7316788441430851,293.0,86,1294,447.80911111767256,200533.0,1.5283587410159474,1227.0714285714287,379,1294,235.21372174675346,55325.49489795916,0.19168706586265488,0.0006441211700439453,0.0,0.00875401496887207,0.0017502923389779948,3.06352327188506e-06,0.0014639117500998757,0.0,0.009136199951171875,0.002556515694738402,6.535772497443773e-06,0.0005624661078819862,9.489059448242188e-05,0.005327939987182617,0.0013798679505289877,1.9040355608970686e-06,19,7,0.7307692307692307,0.2692307692307692,0,0.0,1.0,2,5,19,0,0,0.07692307692307693,0.19230769230769232,0.0,0.7307692307692307,0.0,0.9957274520849255,1.6137149724283613,0.016103029251098633
traffic_record_GET_FLOOD.pcap,172.16.0.35:33674->172.19.0.8:443,26,172.16.0.35,33674,172.19.0.8,443,26,8,18,25512,3172,22340,981.2307692307693,86,1294,515.2947108725787,265528.63905325445,0.5251513986628663,396.5,86,1294,518.3268756296552,268662.75,1.3072556762412488,1241.111111111111,370,1294,211.27677710342394,44637.87654320988,0.17023196006542662,0.0019923973083496092,0.0,0.04383587837219238,0.00856247138360961,7.331591619513347e-05,0.007088150296892438,0.0,0.04383587837219238,0.015042056841604692,0.0002262634740260665,0.00034493558547076057,2.47955322265625e-05,0.005015850067138672,0.001170420228549656,1.3698835113982285e-06,19,7,0.7307692307692307,0.2692307692307692,0,0.0,1.0,2,5,19,0,0,0.07692307692307693,0.19230769230769232,0.0,0.7307692307692307,0.0,0.8904916402194913,1.3363816313106462,0.049809932708740234
