file,flow_id,client_ip,client_port,server_ip,server_port,total_packets,outgoing_packets,incoming_packets,total_bytes,outgoing_bytes,incoming_bytes,packet_size_mean,packet_size_min,packet_size_max,packet_size_std,packet_size_var,packet_size_cv,packet_size_out_mean,packet_size_out_min,packet_size_out_max,packet_size_out_std,packet_size_out_var,packet_size_out_cv,packet_size_in_mean,packet_size_in_min,packet_size_in_max,packet_size_in_std,packet_size_in_var,packet_size_in_cv,iat_mean,iat_min,iat_max,iat_std,iat_var,iat_out_mean,iat_out_min,iat_out_max,iat_out_std,iat_out_var,iat_in_mean,iat_in_min,iat_in_max,iat_in_std,iat_in_var,short_header_count,long_header_count,short_header_ratio,long_header_ratio,spin_bit_count,spin_bit_ratio,no_spin_bit_ratio,onertt_packets,initial_packets,handshake_packets,zerortt_packets,retry_packets,initial_ratio,handshake_ratio,zerortt_ratio,onertt_ratio,retry_ratio,entropy_direction,entropy_packet_size,duration
normal_traffic_recording_23.pcap,172.19.0.21:45600->172.19.0.8:443,172.19.0.21,45600,172.19.0.8,443,29001,1625,27376,35346842,212875,35133967,1218.814592600255,66,1294,274.895052123328,75567.28968188724,0.22554296099857057,131.0,131,131,0.0,0.0,0.0,1283.385702805377,66,1294,75.11345508928449,5642.031135449958,0.05852757664752893,0.004901360758419695,0.0,15.008474111557007,0.24933941450091565,0.06217014362365943,0.08752429925749454,0.0,15.03243088722229,1.0513424112778844,1.105320865751596,0.005192285407079409,1.0967254638671875e-05,15.06873083114624,0.2571081904655974,0.06610462160449392,29001,0,1.0,0.0,0,0.0,1.0,29001,0,0,0,0,0.0,0.0,0.0,1.0,0.0,0.31149000905476415,0.6175678585240321,142.13946199417114
normal_traffic_recording_23.pcap,172.19.0.27:40223->172.19.0.8:443,172.19.0.27,40223,172.19.0.8,443,41922,3826,38096,49328483,501206,48827277,1176.6729402223177,66,1294,341.7026480679659,116760.69969666017,0.2903973027572177,131.0,131,131,0.0,0.0,0.0,1281.6903874422512,66,1294,87.43264328930377,7644.467112554636,0.06821666460632889,0.0045954961249631615,0.0,15.002257108688354,0.24380971910008115,0.05944317912766048,0.05036543609270083,0.0,15.03645396232605,0.8066637122612241,0.6507063446790591,0.004797101067751939,1.0013580322265625e-05,15.037591934204102,0.25113081126776615,0.06306668436800637,41922,0,1.0,0.0,0,0.0,1.0,41922,0,0,0,0,0.0,0.0,0.0,1.0,0.0,0.44067729087881485,0.8095750680261119,192.6477930545807
normal_traffic_recording_23.pcap,172.19.0.22:56119->172.19.0.8:443,172.19.0.22,56119,172.19.0.8,443,20044,1433,18611,24048633,187723,23860910,1199.7921073637997,66,1294,307.61491539907826,94626.93617598207,0.2563901808580606,131.0,131,131,0.0,0.0,0.0,1282.086400515824,66,1294,84.7651438058469,7185.129604425905,0.06611500111984903,0.0032713627592803464,0.0,15.001744985580444,0.20729946144879036,0.042973066716958525,0.04578765627392178,0.0,15.02601408958435,0.7749913757451151,0.6006116324793063,0.003520833324963274,1.0967254638671875e-05,15.060788869857788,0.21602218736328066,0.04666558543321634,20044,0,1.0,0.0,0,0.0,1.0,20044,0,0,0,0,0.0,0.0,0.0,1.0,0.0,0.3714696451162318,0.7287270628913705,65.56792378425598
normal_traffic_recording_23.pcap,172.19.0.19:54775->172.19.0.8:443,172.19.0.19,54775,172.19.0.8,443,44771,3869,40902,52890347,506839,52383508,1181.3528176721538,66,1294,335.2654843652041,112402.9450066349,0.2837979300932655,131.0,131,131,0.0,0.0,0.0,1280.7077404527895,66,1294,93.84154280209955,8806.235155478284,0.07327319093809975,0.004753469824391549,0.0,15.005475044250488,0.24344535490338415,0.05926564082403467,0.05501227818945694,0.0,15.067090034484863,0.8279644309106001,0.685525098853114,0.005202352853454514,1.0967254638671875e-05,15.091919898986816,0.2552985228315075,0.06517733575994974,44771,0,1.0,0.0,0,0.0,1.0,44771,0,0,0,0,0.0,0.0,0.0,1.0,0.0,0.42439763960511667,0.8203026852167861,212.81284403800964
normal_traffic_recording_23.pcap,172.19.0.30:41008->172.19.0.8:443,172.19.0.30,41008,172.19.0.8,443,38721,2984,35737,46225198,390904,45834294,1193.8017613181478,66,1294,316.9175013723036,100436.70267606407,0.2654691186100916,131.0,131,131,0.0,0.0,0.0,1282.5445336765818,66,1294,81.43587615090996,6631.801924466346,0.0634955543551095,0.005843055728545859,0.0,15.003857851028442,0.27734909927085155,0.07692252286635266,0.07584415615464152,0.0,15.030579805374146,0.9980390604943298,0.9960819662724045,0.006268207321557685,1.0967254638671875e-05,15.075634956359863,0.2892537056646295,0.0836677062407201,38721,0,1.0,0.0,0,0.0,1.0,38721,0,0,0,0,0.0,0.0,0.0,1.0,0.0,0.3917490151691705,0.7268222992330764,226.24311780929565
normal_traffic_recording_23.pcap,172.19.0.25:40899->172.19.0.8:443,172.19.0.25,40899,172.19.0.8,443,5086,177,4909,6324943,23187,6301756,1243.5987023200944,66,1294,222.07316353608502,49316.48996292477,0.17857301002467982,131.0,131,131,0.0,0.0,0.0,1283.7148095335099,66,1294,69.65791735227788,4852.225449856776,0.05426276680378169,0.00019549320112170255,0.0,0.04874897003173828,0.0016138774879946153,2.6046005462558095e-06,0.005622874606739391,0.0,0.04922294616699219,0.007999673095606584,6.399476963657182e-05,0.00020250714495595917,1.2874603271484375e-05,0.05561089515686035,0.0017776685904564913,3.1601056174955685e-06,5086,0,1.0,0.0,0,0.0,1.0,5086,0,0,0,0,0.0,0.0,0.0,1.0,0.0,0.21792663636359794,0.4707331986760041,0.9940829277038574
normal_traffic_recording_23.pcap,172.19.0.28:45907->172.19.0.8:443,172.19.0.28,45907,172.19.0.8,443,72805,5581,67224,86887870,732766,86155104,1193.4327312684568,66,1399,317.53480803464123,100828.35431359644,0.2660684592563042,131.29654183838022,131,1399,17.389496627292946,302.3945929506327,0.13244443748334656,1281.6122813280972,66,1294,87.97607710009333,7739.790141921568,0.06864484554480572,0.0037913954714472284,0.0,15.013139009475708,0.21896798760633102,0.04794697959636634,0.04946751897907599,0.0,15.058485984802246,0.7907759297431067,0.6253265710610748,0.004101789524509702,1.0013580322265625e-05,15.11613917350769,0.2284586300136084,0.05219334562769481,72800,5,0.9999313233981183,6.86766018817389e-05,0,0.0,1.0,72800,1,4,0,0,1.3735320376347779e-05,5.4941281505391115e-05,0.0,0.9999313233981183,0.0,0.39028833242795946,0.7818458855093616,276.028755903244
normal_traffic_recording_23.pcap,172.19.0.23:39099->172.19.0.8:443,172.19.0.23,39099,172.19.0.8,443,73060,5337,67723,87525744,700998,86824746,1197.998138516288,66,1399,310.4869227606926,96402.12920540429,0.25917145676472286,131.34682405845982,131,1399,17.942713937670902,321.9409834490897,0.13660561697087523,1282.0569968843672,66,1294,85.12620773319173,7246.471243034513,0.06639814605751848,0.00425896243001922,0.0,23.59628915786743,0.2399911935822064,0.057595772997012074,0.05831250677938047,0.0,23.59628915786743,0.8875428979299645,0.7877323956659195,0.0042451390526967205,1.0967254638671875e-05,15.07791519165039,0.23270581303873833,0.05415199542202023,73053,7,0.999904188338352,9.581166164796058e-05,0,0.0,1.0,73053,1,6,0,0,1.368738023542294e-05,8.212428141253764e-05,0.0,0.999904188338352,0.0,0.3772022745688237,0.7429763415161399,311.15553617477417
normal_traffic_recording_23.pcap,172.19.0.26:57405->172.19.0.8:443,172.19.0.26,57405,172.19.0.8,443,73968,6292,67676,87515345,826104,86689241,1183.1514303482586,66,1399,332.63176493709034,110643.89104516372,0.28114048329314933,131.29434202161474,131,1399,16.526649569440714,273.130145991095,0.12587480400884268,1280.9451060937408,66,1294,92.06927446947144,8476.751301334865,0.07187604998174973,0.00438201905960103,0.0,27.965824842453003,0.24676760245121296,0.060894249619519884,0.051521984387459765,0.0,28.099061965942383,0.8463691958998338,0.7163408157681314,0.004375120842196997,9.775161743164062e-06,15.078373908996582,0.23511546813196826,0.05527928335491459,73961,7,0.9999053644819381,9.463551806186458e-05,0,0.0,1.0,73961,1,6,0,0,1.3519359723123514e-05,8.111615833874107e-05,0.0,0.9999053644819381,0.0,0.41977521900766046,0.8223031072352945,324.1248037815094
normal_traffic_recording_23.pcap,172.19.0.18:55884->172.19.0.8:443,172.19.0.18,55884,172.19.0.8,443,6116,433,5683,7342055,56723,7285332,1200.4668083714846,66,1294,306.3876410203203,93873.38656999666,0.25522375036420714,131.0,131,131,0.0,0.0,0.0,1281.9517860285061,66,1294,85.09125303161426,7240.521342490202,0.0663763286256088,0.0014262454390818237,0.0,6.175188779830933,0.07902033389722736,0.006244213169229298,0.020188636249966092,0.0,6.175188779830933,0.29674053540941586,0.08805494535506678,0.00044354398835506795,1.1920928955078125e-05,0.2280111312866211,0.004017791979781365,1.614265239279546e-05,6116,0,1.0,0.0,0,0.0,1.0,6116,0,0,0,0,0.0,0.0,0.0,1.0,0.0,0.36889425393955266,0.7316158566878004,8.721490859985352
normal_traffic_recording_23.pcap,172.19.0.20:53217->172.19.0.8:443,172.19.0.20,53217,172.19.0.8,443,3,2,1,333,262,71,111.0,71,131,28.284271247461902,800.0,0.2548132544816388,131.0,131,131,0.0,0.0,0.0,71.0,71,71,0.0,0.0,0.0,2.7530335187911987,0.031019926071166992,5.4750471115112305,2.7220135927200317,7.409357998952615,5.5060670375823975,5.5060670375823975,5.5060670375823975,0.0,0.0,0.0,0.0,0.0,0.0,0.0,3,0,1.0,0.0,0,0.0,1.0,3,0,0,0,0,0.0,0.0,0.0,1.0,0.0,0.9182958340544896,0.9182958340544896,5.5060670375823975
normal_traffic_recording_23.pcap,172.19.0.29:45940->172.19.0.8:443,172.19.0.29,45940,172.19.0.8,443,24419,2461,21958,28490557,322391,28168166,1166.737253777796,66,1294,354.77961742019687,125868.57693682128,0.30407841720271694,131.0,131,131,0.0,0.0,0.0,1282.820202204208,66,1294,79.17663901488682,6268.940165693696,0.06172076092880469,0.004972761118086875,0.0,15.00654911994934,0.24780020345840112,0.06140494083402499,0.04935970771603468,0.0,15.035525798797607,0.7804382488089073,0.6090838602039139,0.0052752774525205584,1.2874603271484375e-05,15.071898937225342,0.2592324731232386,0.06720147512159064,24419,0,1.0,0.0,0,0.0,1.0,24419,0,0,0,0,0.0,0.0,0.0,1.0,0.0,0.47147014633453604,0.8597990846593285,121.42488098144531
normal_traffic_recording_23.pcap,172.19.0.18:46739->172.19.0.8:443,172.19.0.18,46739,172.19.0.8,443,73651,6432,67219,87031708,844269,86187439,1181.677207369893,66,1399,334.73563503602173,112047.94536296875,0.28327163539106964,131.2607276119403,131,1399,16.199739340324626,262.4315546944614,0.12341649810305483,1282.1886520180306,66,1294,84.04143805014809,7062.963309536878,0.0655452985938346,0.0041964237753097005,0.0,15.0012788772583,0.22703351146904588,0.05154421532996539,0.04805887281162485,0.0,15.026396036148071,0.7679788920938024,0.5897915787016242,0.004445485465886738,1.1920928955078125e-05,15.877838850021362,0.2364912967327881,0.05592813343035563,73642,9,0.9998778020665028,0.00012219793349716907,0,0.0,1.0,73642,1,8,0,0,1.357754816635212e-05,0.00010862038533081696,0.0,0.9998778020665028,0.0,0.42749702205856444,0.7946328989100897,309.06661105155945
normal_traffic_recording_23.pcap,172.19.0.20:39573->172.19.0.8:443,172.19.0.20,39573,172.19.0.8,443,41789,3469,38320,49575261,458805,49116456,1186.3232190289311,66,1399,328.15141249814815,107683.3495245298,0.2766121468706965,132.25857595848947,131,1399,37.69440263508525,1420.8679900159216,0.2850053568315749,1281.7446764091858,66,1294,87.27742612205219,7617.349110490278,0.06809267690236119,0.003783225996067299,0.0,15.008488893508911,0.22068352518980264,0.04870121829019825,0.04558634599874864,0.0,15.221610069274902,0.767018769350156,0.5883177925354278,0.004092915209515825,1.0967254638671875e-05,15.539086818695068,0.23210230079735397,0.05387147803542538,41778,11,0.9997367728349565,0.00026322716504343247,0,0.0,1.0,41778,4,7,0,0,9.571896910670272e-05,0.00016750819593672975,0.0,0.9997367728349565,0.0,0.4127051997548643,0.7945840577457597,158.09344792366028
normal_traffic_recording_23.pcap,172.19.0.24:35246->172.19.0.8:443,172.19.0.24,35246,172.19.0.8,443,38405,2593,35812,46279517,341360,45938157,1205.038849108189,66,1399,299.0664905780515,89440.76578667178,0.24817995768300843,131.6467412263787,131,1399,25.509179665169185,650.718247189881,0.19376992873149665,1282.7587680107226,66,1294,80.03346484612905,6405.3554952765735,0.06239167241884722,0.003308556816401848,0.0,15.001869916915894,0.20313145428216967,0.041262387718789185,0.049020762336842806,0.0,15.028218030929565,0.7813693329924882,0.6105380345411259,0.0035469105854126566,1.0967254638671875e-05,15.044578075408936,0.2107275286097521,0.0444060913139739,38396,9,0.999765655513605,0.00023434448639500066,0,0.0,1.0,38396,1,8,0,0,2.6038276266111184e-05,0.00020830621012888948,0.0,0.999765655513605,0.0,0.35658945442642787,0.697335111980461,127.06181597709656
normal_traffic_recording_23.pcap,172.19.0.25:45451->172.19.0.8:443,172.19.0.25,45451,172.19.0.8,443,74907,7923,66984,86860104,1039764,85820340,1159.5725900116145,66,1399,363.9077802811932,132428.87254918518,0.3138292362339716,131.23362362741386,131,1399,14.7271390070436,216.88862333278516,0.11222077543827873,1281.2065567896811,66,1294,90.50634202627053,8191.3979469762635,0.07064149144931965,0.004467111953099993,0.0,24.4983971118927,0.24708295734991204,0.061049987812778456,0.04223851148181117,0.0,24.4983971118927,0.7601214666474457,0.5777846440582639,0.0047256227994191885,1.0967254638671875e-05,24.54854106903076,0.2525166623274383,0.0637646647529895,74900,7,0.9999065507896459,9.344921035417251e-05,0,0.0,1.0,74900,1,6,0,0,1.3349887193453215e-05,8.009932316071929e-05,0.0,0.9999065507896459,0.0,0.4870272130368737,0.899147050723533,334.6134879589081
normal_traffic_recording_23.pcap,172.19.0.22:38871->172.19.0.8:443,172.19.0.22,38871,172.19.0.8,443,3474,198,3276,4221691,27468,4194223,1215.2248128957974,66,1399,281.8917106014187,79462.93650579399,0.23196671727734894,138.72727272727272,131,1399,91.53911987953325,8379.410468319558,0.659849487991393,1280.287851037851,66,1294,97.39504158789087,9485.794125906994,0.07607276872067377,0.006090931476381029,0.0,19.75580906867981,0.3351832033271114,0.1123477797926237,0.10737972090086961,0.0,19.75580906867981,1.403515482534121,1.969855709712986,0.0004105511148467319,1.9073486328125e-05,0.07168197631835938,0.002634701230993185,6.9416505765970035e-06,3469,5,0.9985607369027059,0.0014392630972941854,0,0.0,1.0,3469,1,4,0,0,0.0002878526194588371,0.0011514104778353484,0.0,0.9985607369027059,0.0,0.3153981133241789,0.7157889446372501,21.153805017471313
normal_traffic_recording_23.pcap,172.19.0.29:36907->172.19.0.8:443,172.19.0.29,36907,172.19.0.8,443,73915,5896,68019,87980591,774228,87206363,1190.2941351552458,66,1399,322.2821681858358,103865.79593056336,0.27075842740651807,131.31411126187245,131,1399,17.07244851491049,291.46849829426947,0.13001229152641375,1282.0882841558976,66,1294,84.9085091705099,7209.454929558564,0.06622672574097505,0.004161810211751208,0.0,15.003695011138916,0.22991616699730658,0.052861443846733365,0.05218253434968258,0.0,15.064398050308228,0.8136841508391224,0.6620818973267837,0.004521977418087838,1.0967254638671875e-05,15.094462871551514,0.2402432515834883,0.05771681993140726,73908,7,0.9999052966245011,9.470337549888385e-05,0,0.0,1.0,73908,1,6,0,0,1.3529053642697693e-05,8.117432185618616e-05,0.0,0.9999052966245011,0.0,0.401358727130376,0.7745130850539736,307.6160399913788
normal_traffic_recording_23.pcap,172.19.0.22:46692->172.19.0.8:443,172.19.0.22,46692,172.19.0.8,443,60739,5515,55224,71473476,724295,70749181,1176.7311941256853,66,1399,341.6486096933756,116723.77250541649,0.2903370042358922,131.3318223028105,131,1399,17.65150075002604,311.5754787281699,0.1344038363324248,1281.1310480950312,66,1294,91.16206305605954,8310.521740636976,0.07115748478004051,0.003636771758263958,0.0,15.004642963409424,0.21373212534685476,0.04568142140528363,0.04005989173983248,0.0,15.053439140319824,0.7099018596539912,0.5039606503401951,0.0039944751280409216,1.0013580322265625e-05,15.302902936935425,0.22496488045929244,0.05060919744006374,60734,5,0.9999176805676748,8.231943232519468e-05,0,0.0,1.0,60734,1,4,0,0,1.646388646503894e-05,6.585554586015575e-05,0.0,0.9999176805676748,0.0,0.4391289528404233,0.8308618847432797,220.89024305343628
normal_traffic_recording_23.pcap,172.19.0.20:57667->172.19.0.8:443,172.19.0.20,57667,172.19.0.8,443,41180,3046,38134,49334218,408300,48925918,1198.0140359397767,66,1399,310.6051709434109,96475.5722167855,0.2592667211112915,134.0446487196323,131,1399,60.926809712565706,3712.076141751191,0.45452623655271895,1282.999895106729,66,1294,78.99507218608184,6240.221429684281,0.061570599099316746,0.0033990277055717982,0.0,15.018774032592773,0.2066208104806984,0.04269215932370069,0.045958253863605567,0.0,15.064876079559326,0.7598440062811933,0.5773629138814541,0.0036000031201728717,1.3828277587890625e-05,15.09050703048706,0.21536994022155828,0.04638421115103759,41156,24,0.9994171928120447,0.0005828071879553182,0,0.0,1.0,41156,10,14,0,0,0.00024283632831471587,0.00033997085964060223,0.0,0.9994171928120447,0.0,0.38055975031472666,0.7383579872569881,139.9685618877411
normal_traffic_recording_23.pcap,172.19.0.21:46954->172.19.0.8:443,172.19.0.21,46954,172.19.0.8,443,34833,2151,32682,42205395,283632,41921763,1211.6497287055379,66,1399,287.6984637303147,82770.4060327832,0.23744359191800127,131.860529986053,131,1399,28.255065898915014,798.3487489520302,0.21427993579203403,1282.7171837708831,66,1294,79.85630318032433,6377.029157627878,0.06225558072401105,0.002721132867151189,0.0,15.010764837265015,0.18266339318249517,0.033365915208942824,0.044084883734237315,0.0,15.036103010177612,0.7353444880084582,0.5407315160444215,0.0026603572054412095,1.3113021850585938e-05,15.165916919708252,0.18446394221572263,0.034026945977765455,34824,9,0.9997416243217638,0.00025837567823615537,0,0.0,1.0,34824,1,8,0,0,2.870840869290615e-05,0.0002296672695432492,0.0,0.9997416243217638,0.0,0.33435996287011205,0.6724907383305665,94.78250002861023
normal_traffic_recording_23.pcap,172.19.0.30:47944->172.19.0.8:443,172.19.0.30,47944,172.19.0.8,443,69785,6414,63371,82081136,842237,81238899,1176.2002722648133,66,1399,342.3520409248517,117204.91992541132,0.2910661126320276,131.31228562519487,131,1399,16.508832438151384,272.5415484709594,0.12572191824664908,1281.9570308185132,66,1294,85.7414450452403,7351.595398445962,0.06688324412129124,0.0030677644167555374,0.0,15.02430510520935,0.1922840077833483,0.03697313964922676,0.033382328404626294,0.0,15.053215026855469,0.6347375864869643,0.40289180369929645,0.0032747035337318394,8.821487426757812e-06,15.086556911468506,0.2005047433461761,0.04020215210431595,69780,5,0.9999283513649065,7.164863509350147e-05,0,0.0,1.0,69780,1,4,0,0,1.4329727018700294e-05,5.7318908074801174e-05,0.0,0.9999283513649065,0.0,0.4428160914552335,0.8329406728656171,214.0808720588684
normal_traffic_recording_23.pcap,172.19.0.24:39860->172.19.0.8:443,172.19.0.24,39860,172.19.0.8,443,71787,5118,66669,86152442,672309,85480133,1200.1120258542633,66,1399,307.13778703530494,94333.62022494433,0.25592426408416186,131.36166471277843,131,1399,18.322432149001326,335.7115198547573,0.13948081572400306,1282.1571195008175,66,1294,84.45392981548751,7132.466261279292,0.06586862758939246,0.004045908367318634,0.0,15.010967016220093,0.22508548155039793,0.05066347400477452,0.056759737747964716,0.0,15.073516845703125,0.8425201196488766,0.7098401520131574,0.004196543409448583,1.0967254638671875e-05,15.073808908462524,0.23043337831514143,0.053099541841729096,71780,7,0.9999024893086492,9.751069135080167e-05,0,0.0,1.0,71780,1,6,0,0,1.393009876440024e-05,8.358059258640144e-05,0.0,0.9999024893086492,0.0,0.3707350652025953,0.7310065798348233,290.43957805633545
normal_traffic_recording_23.pcap,172.19.0.19:36839->172.19.0.8:443,172.19.0.19,36839,172.19.0.8,443,5869,563,5306,6841655,75283,6766372,1165.7275515420004,66,1399,356.4026339850573,127022.83751148675,0.30573407441011,133.71758436944938,131,1399,54.41091103478622,2960.5472396354207,0.40690916823963763,1275.230305314738,66,1294,123.23895910641704,15187.841041633132,0.09664055080309639,0.00036241237046203404,0.0,0.059044837951660156,0.0017128301696230348,2.9337871899708744e-06,0.0037840494481694233,0.0,0.08734798431396484,0.0060343153295663665,3.641296149663965e-05,0.0003859138848307445,1.0967254638671875e-05,0.059181928634643555,0.0019244548382858673,3.7035264246018833e-06,5864,5,0.9991480661100699,0.0008519338899301414,0,0.0,1.0,5864,1,4,0,0,0.0001703867779860283,0.0006815471119441132,0.0,0.9991480661100699,0.0,0.4559523342197015,0.9271216618379795,2.126635789871216
<<<<<<< HEAD
normal_traffic_recording_23.pcap,172.19.0.27:38718->172.19.0.8:443,172.19.0.27,38718,172.19.0.8,443,53980,4825,49155,63581214,633904,62947310,1177.8661356057798,66,1399,340.1706183473344,115716.04958680784,0.28880244372794006,131.37906735751295,131,1399,18.86909190136058,356.04262918199146,0.14362327485560084,1280.5881395585393,66,1294,94.81877664547275,8990.600404544048,0.07404314761040962,0.0035337911035280517,0.0,15.004339933395386,0.20545651771285828,0.04221238067069405,0.039541979680211586,0.0,15.039292097091675,0.6870611116966933,0.47205297120589607,0.0038276491800762927,1.0013580322265625e-05,15.145483016967773,0.2156353933304188,0.04649862285676443,53975,5,0.9999073731011485,9.262689885142645e-05,0,0.0,1.0,53975,1,4,0,0,1.852537977028529e-05,7.410151908114116e-05,0.0,0.9999073731011485,0.0,0.43441354641289087,0.8313042815764292,190.7505099773407
normal_traffic_recording_23.pcap,172.19.0.28:40554->172.19.0.8:443,172.19.0.28,40554,172.19.0.8,443,58969,4835,54134,70034205,637750,69396455,1187.6444402991401,66,1399,326.30992185858406,106478.16510335522,0.2747538832214751,131.90279214064117,131,1399,31.93292580109796,1019.7117502184277,0.2420943884724557,1281.9384305612,66,1294,86.34685879314283,7455.780023442948,0.06735647885627578,0.0038576210156465187,0.0,15.015017986297607,0.22045596561257255,0.04860083277417177,0.04705754986566899,0.0,15.080801963806152,0.7703468517846968,0.5934342720545935,0.004050471800169442,1.0013580322265625e-05,15.069180965423584,0.22807191147823924,0.052016796805337794,58958,11,0.9998134613101799,0.00018653868982007496,0,0.0,1.0,58958,4,7,0,0,6.783225084366361e-05,0.00011870643897641133,0.0,0.9998134613101799,0.0,0.4091603387450799,0.7908043958956678,227.47619605064392
normal_traffic_recording_23.pcap,172.19.0.19:48855->172.19.0.8:443,172.19.0.19,48855,172.19.0.8,443,48053,4239,43814,56708202,557205,56150997,1180.1178282313278,66,1399,336.9711603640939,113549.56291712388,0.28554026750796657,131.44727530077847,131,1399,20.135867622339838,405.45316490439376,0.1531858882298231,1281.5765965216597,66,1294,88.34896495887564,7805.5396093046365,0.0689377171826206,0.0034461380351168283,0.0,15.01467514038086,0.20013250202700064,0.040053018367587415,0.03907357830661488,0.0,15.059623003005981,0.6741234204772343,0.454442386035926,0.0036374655038283656,1.0967254638671875e-05,15.080235004425049,0.2080635887914321,0.04329045698077016,48040,13,0.999729465381974,0.0002705346180259297,0,0.0,1.0,48040,1,12,0,0,2.0810355232763824e-05,0.00024972426279316586,0.0,0.999729465381974,0.0,0.43048381060418933,0.8041171880677063,165.59382486343384
normal_traffic_recording_23.pcap,172.19.0.23:35826->172.19.0.8:443,172.19.0.23,35826,172.19.0.8,443,73024,5439,67585,87365213,714339,86650874,1196.3904058939527,66,1399,313.1578602013234,98067.84540587162,0.2617522329321333,131.33645890788748,131,1399,17.77379405581568,315.90775513854885,0.1353302365817651,1282.102152844566,66,1294,85.44258368896826,7300.435107446344,0.0666425709522436,0.004167581981394969,0.0,15.002542972564697,0.23146012534156873,0.05357378962313471,0.055963468007981756,0.0,15.069207906723022,0.8477259765855697,0.7186393313779579,0.0044983389088884,1.0967254638671875e-05,15.081971168518066,0.24112043418236287,0.05813906378029119,73019,5,0.9999315293602103,6.84706397896582e-05,0,0.0,1.0,73019,1,4,0,0,1.369412795793164e-05,5.477651183172656e-05,0.0,0.9999315293602103,0.0,0.3824325777981017,0.749040786058745,304.3293390274048
normal_traffic_recording_23.pcap,172.19.0.18:58375->172.19.0.8:443,172.19.0.18,58375,172.19.0.8,443,74630,6991,67639,87571853,917672,86654181,1173.413546831033,66,1399,346.06782683532333,119762.94077052332,0.29492400847930195,131.26476898869976,131,1399,15.677841802612493,245.79472358774376,0.11943678355890115,1281.1274708378303,66,1294,90.88296949052027,8259.714143414838,0.07093983351327618,0.0041709420324117855,0.0,15.005629062652588,0.228766678388903,0.05233419314109178,0.044530583417125694,0.0,15.029006958007812,0.7472238261319343,0.5583434463392472,0.004601643719189961,1.0967254638671875e-05,15.089080095291138,0.24102254188579658,0.05809186569709057,74623,7,0.9999062039394345,9.379606056545625e-05,0,0.0,1.0,74623,1,6,0,0,1.3399437223636607e-05,8.039662334181964e-05,0.0,0.9999062039394345,0.0,0.4486204891747737,0.8811866120013129,311.27323293685913
normal_traffic_recording_23.pcap,172.19.0.26:48996->172.19.0.8:443,172.19.0.26,48996,172.19.0.8,443,65958,5702,60256,77935320,748606,77186714,1181.5901027926864,66,1399,334.88051207423047,112144.95736709882,0.2834151295637471,131.2883198877587,131,1399,17.203468048361866,295.95931289100764,0.13103578492793186,1280.9797198619224,66,1294,91.98800539334754,8461.793136246535,0.07181066488957606,0.003730958715813881,0.0,15.0049729347229,0.21307269335386012,0.0453999726530681,0.04316485599349871,0.0,15.064734935760498,0.7246503565508261,0.5251181392492393,0.003913372287650532,9.775161743164062e-06,15.062933921813965,0.21965536146957573,0.04824847782232997,65954,4,0.9999393553473422,6.06446526577519e-05,0,0.0,1.0,65954,1,3,0,0,1.5161163164437976e-05,4.548348949331393e-05,0.0,0.9999393553473422,0.0,0.4245044757512836,0.8147216844080093,246.08284401893616
normal_traffic_recording_23.pcap,172.19.0.21:52941->172.19.0.8:443,172.19.0.21,52941,172.19.0.8,443,61206,5165,56041,72511911,678303,71833608,1184.7189981374374,66,1399,330.4002139473916,109164.30137648215,0.2788848785803487,131.32681510164568,131,1399,18.077847879415618,326.8085839512917,0.13765541991879982,1281.8045359647401,66,1294,86.6055666096996,7500.524167787114,0.06756534571358541,0.003737517083336857,0.0,15.008626937866211,0.21327024274537904,0.0454841964406729,0.044297973099464046,0.0,15.033952951431274,0.7341702806579044,0.539006001001306,0.0039015564596882723,1.0967254638671875e-05,15.164517879486084,0.21938662688167962,0.04813049205452131,61196,10,0.9998366173250989,0.0001633826749011535,0,0.0,1.0,61196,1,9,0,0,1.633826749011535e-05,0.00014704440741103813,0.0,0.9998366173250989,0.0,0.4174520155530756,0.8127770356138388,228.75473308563232
normal_traffic_recording_23.pcap,172.19.0.20:59888->172.19.0.8:443,172.19.0.20,59888,172.19.0.8,443,66679,5725,60954,78834890,754177,78080713,1182.3046236446257,66,1399,333.85216662839395,111457.26916247292,0.2823740683676311,131.73397379912663,131,1399,29.258193618470496,856.0418938159078,0.2221005923884494,1280.9776716868457,66,1294,91.90169364560177,8445.92129493004,0.07174340012077003,0.004008028673787413,0.0,15.005062818527222,0.2219200833854556,0.049248523409807565,0.04668891263291354,0.0,15.050355911254883,0.7571601771428682,0.5732915338510195,0.004192132956713368,1.0967254638671875e-05,15.06157898902893,0.22813322218783874,0.0520447670658058,66667,12,0.9998200332938406,0.00017996670615936052,0,0.0,1.0,66667,4,8,0,0,5.998890205312017e-05,0.00011997780410624034,0.0,0.9998200332938406,0.0,0.4224949249792007,0.8260454289321467,267.2473359107971
normal_traffic_recording_23.pcap,172.19.0.22:43317->172.19.0.8:443,172.19.0.22,43317,172.19.0.8,443,73106,5979,67127,86802589,784904,86017685,1187.3524608103303,66,1399,326.5620044003935,106642.74271800263,0.27503375381689554,131.27680214082622,131,1399,16.800915542918176,282.27076308026955,0.12798084100871926,1281.4170899935943,66,1294,89.04351337847702,7928.747274783014,0.06948831420604991,0.004258322808706812,0.0,15.012080907821655,0.22982481223968648,0.052819444321007145,0.05207505669630503,0.0,15.055879831314087,0.8031406825540074,0.645034955973317,0.004636852607622486,1.0967254638671875e-05,15.075079202651978,0.24042616553886267,0.0578047410757206,73101,5,0.999931606160917,6.83938390829754e-05,0,0.0,1.0,73101,1,4,0,0,1.367876781659508e-05,5.471507126638032e-05,0.0,0.999931606160917,0.0,0.40843896087861464,0.7870858675666346,311.3046889305115
normal_traffic_recording_23.pcap,172.19.0.25:42914->172.19.0.8:443,172.19.0.25,42914,172.19.0.8,443,64440,5069,59371,76818209,668241,76149968,1192.0889044072005,66,1399,319.51015356627835,102086.73823194679,0.2680254403719693,131.82896034720852,131,1399,31.0925559044816,966.7470326733137,0.23585527658407257,1282.6121843997912,66,1294,80.91679434358366,6547.527606841812,0.06308749856563177,0.004029773149238911,0.0,15.005511999130249,0.22592740546881415,0.05104319254186996,0.05123807260532876,0.0,15.045691013336182,0.8052227215858936,0.6483836313581934,0.004150883087670942,1.0967254638671875e-05,15.056643962860107,0.2296321140584074,0.052730907806933416,64428,12,0.9998137802607077,0.00018621973929236498,0,0.0,1.0,64428,4,8,0,0,6.207324643078833e-05,0.00012414649286157667,0.0,0.9998137802607077,0.0,0.3974481696589202,0.7639701004908146,259.67455196380615
normal_traffic_recording_23.pcap,172.19.0.30:60939->172.19.0.8:443,172.19.0.30,60939,172.19.0.8,443,73540,5983,67557,87455915,785429,86670486,1189.2291949959206,66,1399,323.86710577298896,104889.90220177242,0.27233363184806436,131.27678422196223,131,1399,16.796486331625708,282.12195308848925,0.1279471189911712,1282.9238420889028,66,1294,79.06350640105619,6251.038044429852,0.06162759144948319,0.003799932130337326,0.0,15.014209985733032,0.21898765356383934,0.04795559241339612,0.0467079869483634,0.0,15.057087898254395,0.767867018991846,0.589619758855424,0.004135490127295596,1.0967254638671875e-05,15.183243989944458,0.22914590518995162,0.0525078458653223,73535,5,0.9999320097905902,6.799020940984498e-05,0,0.0,1.0,73535,1,4,0,0,1.3598041881968997e-05,5.439216752787599e-05,0.0,0.9999320097905902,0.0,0.4069430040601805,0.7664754870077976,279.4432089328766
normal_traffic_recording_23.pcap,172.19.0.19:60039->172.19.0.8:443,172.19.0.19,60039,172.19.0.8,443,73384,6138,67246,86995724,805733,86189991,1185.4862640357571,66,1399,329.3026686032924,108440.2475492498,0.2777785610794389,131.26963180188986,131,1399,16.58193888520128,274.9606971925502,0.12631968763519114,1281.7117895488207,66,1294,87.24292576901597,7611.3280967380315,0.06806750665820638,0.0036601576130565255,0.0,15.006551027297974,0.21604670381670352,0.04667617823006241,0.04376389930977463,0.0,15.047903060913086,0.7468442524282579,0.5577763373851234,0.003993519326285967,1.0967254638671875e-05,15.049691915512085,0.22623011264192533,0.05118006386597822,73379,5,0.9999318652567317,6.813474326828737e-05,0,0.0,1.0,73379,1,4,0,0,1.3626948653657473e-05,5.450779461462989e-05,0.0,0.9999318652567317,0.0,0.41488449099177593,0.7868489837635282,268.593346118927
normal_traffic_recording_23.pcap,172.19.0.29:48647->172.19.0.8:443,172.19.0.29,48647,172.19.0.8,443,72203,5649,66554,86095611,741674,85353937,1192.410440009418,66,1399,319.174256649753,101872.2061079224,0.26767147111462064,131.29297220747034,131,1399,17.284546714967902,298.7555551419077,0.13164868175620784,1282.4764401839109,66,1294,82.52946245399521,6811.112172945405,0.06435164020803395,0.004154004336347845,0.0,25.62296199798584,0.23935152551629404,0.05728915276697716,0.053098814092344335,0.0,25.62296199798584,0.8554094248950249,0.7317252841992372,0.00450577158133559,1.0967254638671875e-05,25.676790952682495,0.2507429111470305,0.06287200749048764,72198,5,0.9999307507998283,6.924920017173802e-05,0,0.0,1.0,72198,1,4,0,0,1.3849840034347603e-05,5.539936013739041e-05,0.0,0.9999307507998283,0.0,0.39593913682402804,0.7601549285503937,299.92742109298706
normal_traffic_recording_23.pcap,172.19.0.27:43402->172.19.0.8:443,172.19.0.27,43402,172.19.0.8,443,35090,2286,32804,42382165,301143,42081022,1207.8131946423482,66,1399,294.5330304517616,86749.70602709832,0.24385644382613098,131.73359580052494,131,1399,27.166950547141813,738.0432020308488,0.20622644043117783,1282.801548591635,66,1294,80.16780734504341,6426.877334511997,0.06249431756070003,0.0028559556524188727,0.0,15.001537084579468,0.19087676188450134,0.036433938227512626,0.04385672992898286,0.0,15.042164087295532,0.7476895760741161,0.5590397021698915,0.0030354234106245662,1.3828277587890625e-05,15.050932884216309,0.197862063678914,0.03914939624327862,35081,9,0.9997435166714164,0.00025648332858364207,0,0.0,1.0,35081,1,8,0,0,2.8498147620404674e-05,0.0002279851809632374,0.0,0.9997435166714164,0.0,0.3475455593172841,0.6954652579495906,100.21262788772583
normal_traffic_recording_23.pcap,172.19.0.28:55828->172.19.0.8:443,172.19.0.28,55828,172.19.0.8,443,71354,6398,64956,84122919,839967,83282952,1178.951691565995,66,1399,338.5921321922902,114644.63198252133,0.28719763041566204,131.28587058455767,131,1399,16.386986115744975,268.5333139576186,0.12481911452299477,1282.144097542952,66,1294,84.56096041519915,7150.556026340876,0.06595277440129255,0.003953927220147842,0.0,15.00394892692566,0.22340869948786427,0.049911447006858844,0.04410263700784883,0.0,15.03942608833313,0.7459244640134343,0.5564033060137292,0.004190050464571693,1.0967254638671875e-05,15.080157995223999,0.2315006160088455,0.05359253521247493,71349,5,0.9999299268436247,7.007315637525577e-05,0,0.0,1.0,71349,1,4,0,0,1.4014631275051154e-05,5.6058525100204615e-05,0.0,0.9999299268436247,0.0,0.4353526838929542,0.8247615112138327,282.124568939209
normal_traffic_recording_23.pcap,172.19.0.21:44751->172.19.0.8:443,172.19.0.21,44751,172.19.0.8,443,83906,6682,77224,99923669,877172,99046497,1190.900162086144,66,1399,321.4553548187989,103333.54514167992,0.26992636750984533,131.27387009877282,131,1399,16.035395681247845,257.1339146541821,0.12215222777528022,1282.5869807313788,66,1294,81.80619407780713,6692.253389495848,0.06378218031743796,0.0035035756736679444,0.0,15.009299993515015,0.20710359851195673,0.042891900516601765,0.04400052640309967,0.0,15.072789907455444,0.7339502052499025,0.5386829037863741,0.003804076041022827,1.0013580322265625e-05,15.072751998901367,0.21688701042544573,0.04703997529128741,83901,5,0.9999404095058756,5.9590494124377276e-05,0,0.0,1.0,83901,1,4,0,0,1.1918098824875456e-05,4.7672395299501825e-05,0.0,0.9999404095058756,0.0,0.4008979130921854,0.7660875063708694,293.9675168991089
normal_traffic_recording_23.pcap,172.19.0.24:36068->172.19.0.8:443,172.19.0.24,36068,172.19.0.8,443,75637,7798,67839,87953814,1023368,86930446,1162.8411227309387,66,1399,359.99912703868875,129599.37146861797,0.30958582389417816,131.23467555783535,131,1399,14.844705843448109,220.36529157850245,0.11311572783906508,1281.4228688512508,66,1294,89.88874479519947,8079.986440856501,0.07014760465121203,0.004386872760811641,0.0,28.159584999084473,0.24426017991010246,0.05966303548971562,0.042555535223387106,0.0,28.210893154144287,0.7610083014388346,0.5791336348588201,0.004475168565516026,1.0967254638671875e-05,17.32463002204895,0.23479965761264784,0.05513087921501666,75632,5,0.999933894786943,6.610521305710168e-05,0,0.0,1.0,75632,1,4,0,0,1.3221042611420337e-05,5.288417044568135e-05,0.0,0.999933894786943,0.0,0.4787388253300322,0.8725300363105236,331.80550813674927
normal_traffic_recording_23.pcap,172.19.0.26:35940->172.19.0.8:443,172.19.0.26,35940,172.19.0.8,443,34558,2547,32011,41403029,337928,41065101,1198.0736443081196,66,1399,310.4090539305499,96353.78076205903,0.25909012806120885,132.67687475461327,131,1399,43.93787360037572,1930.5367365225936,0.331164520430852,1282.8434288213427,66,1294,79.7955345446619,6367.327333268331,0.06220208386457328,0.0033545411633138468,0.0,15.001109838485718,0.2025351505280339,0.04102048719941335,0.045531374305041866,0.0,15.029094934463501,0.7457255824243054,0.5561066442820696,0.003158221457832048,1.1205673217773438e-05,15.030349016189575,0.19471328874146793,0.03791326481251826,34546,12,0.9996527576827363,0.0003472423172637305,0,0.0,1.0,34546,4,8,0,0,0.00011574743908791018,0.00023149487817582037,0.0,0.9996527576827363,0.0,0.37959000706275525,0.7588760273473072,115.9228789806366
normal_traffic_recording_23.pcap,172.19.0.20:51362->172.19.0.8:443,172.19.0.20,51362,172.19.0.8,443,64701,5093,59608,77128075,671374,76456701,1192.069287955364,66,1399,319.64547500822925,102173.22969323651,0.2681433690456742,131.82289416846652,131,1399,31.01893625116012,962.1744061535355,0.23530765613079818,1282.6583847805664,66,1294,81.0414190022707,6567.711593901602,0.06318238742588896,0.0036048384243406507,0.0,15.011255025863647,0.21365713558759902,0.04564937158749767,0.045803818942427355,0.0,15.030248165130615,0.7613526839394208,0.5796579093417595,0.003865956716153331,1.2874603271484375e-05,15.070024013519287,0.22280988707870905,0.049644245780027074,64690,11,0.9998299871717593,0.00017001282824067633,0,0.0,1.0,64690,4,7,0,0,6.182284663297322e-05,0.00010818998160770312,0.0,0.9998299871717593,0.0,0.39763848393785806,0.7717299228738916,233.2330460548401
=======
normal_traffic_recording_23.pcap,172.19.0.27:38718->172.19.0.8:443,172.19.0.27,38718,172.19.0.8,443,53980,4825,49155,63581214,633904,62947310,1177.8661356057798,66,1399,340.1706183473344,115716.04958680784,0.28880244372794006,131.37906735751295,131,1399,18.86909190136058,356.04262918199146,0.14362327485560084,1280.5881395585393,66,1294,94.81877664547275,8990.60040454405,0.07404314761040962,0.0035337911035280517,0.0,15.004339933395386,0.2054565177128583,0.042212380670694064,0.039541979680211586,0.0,15.039292097091675,0.6870611116966933,0.47205297120589607,0.0038276491800762927,1.0013580322265625e-05,15.145483016967773,0.2156353933304188,0.04649862285676443,53975,5,0.9999073731011485,9.262689885142645e-05,0,0.0,1.0,53975,1,4,0,0,1.852537977028529e-05,7.410151908114116e-05,0.0,0.9999073731011485,0.0,0.43441354641289087,0.8313042815764291,190.7505099773407
normal_traffic_recording_23.pcap,172.19.0.28:40554->172.19.0.8:443,172.19.0.28,40554,172.19.0.8,443,58969,4835,54134,70034205,637750,69396455,1187.6444402991401,66,1399,326.30992185858406,106478.16510335522,0.2747538832214751,131.90279214064117,131,1399,31.93292580109796,1019.7117502184277,0.2420943884724557,1281.9384305612,66,1294,86.34685879314284,7455.780023442949,0.0673564788562758,0.0038576210156465187,0.0,15.015017986297607,0.22045596561257258,0.04860083277417178,0.04705754986566899,0.0,15.080801963806152,0.7703468517846968,0.5934342720545935,0.004050471800169442,1.0013580322265625e-05,15.069180965423584,0.22807191147823924,0.052016796805337794,58958,11,0.9998134613101799,0.00018653868982007496,0,0.0,1.0,58958,4,7,0,0,6.783225084366361e-05,0.00011870643897641133,0.0,0.9998134613101799,0.0,0.4091603387450799,0.7908043958956678,227.47619605064392
normal_traffic_recording_23.pcap,172.19.0.19:48855->172.19.0.8:443,172.19.0.19,48855,172.19.0.8,443,48053,4239,43814,56708202,557205,56150997,1180.1178282313278,66,1399,336.97116036409386,113549.56291712387,0.2855402675079665,131.44727530077847,131,1399,20.135867622339838,405.45316490439376,0.1531858882298231,1281.5765965216597,66,1294,88.34896495887565,7805.539609304637,0.06893771718262061,0.0034461380351168283,0.0,15.01467514038086,0.2001325020270006,0.04005301836758741,0.03907357830661488,0.0,15.059623003005981,0.6741234204772343,0.454442386035926,0.0036374655038283656,1.0967254638671875e-05,15.080235004425049,0.2080635887914321,0.04329045698077016,48040,13,0.999729465381974,0.0002705346180259297,0,0.0,1.0,48040,1,12,0,0,2.0810355232763824e-05,0.00024972426279316586,0.0,0.999729465381974,0.0,0.43048381060418933,0.8041171880677063,165.59382486343384
normal_traffic_recording_23.pcap,172.19.0.23:35826->172.19.0.8:443,172.19.0.23,35826,172.19.0.8,443,73024,5439,67585,87365213,714339,86650874,1196.3904058939527,66,1399,313.15786020132344,98067.84540587163,0.26175223293213334,131.33645890788748,131,1399,17.77379405581568,315.90775513854885,0.1353302365817651,1282.102152844566,66,1294,85.44258368896824,7300.435107446343,0.06664257095224359,0.004167581981394969,0.0,15.002542972564697,0.23146012534156873,0.053573789623134714,0.055963468007981756,0.0,15.069207906723022,0.8477259765855697,0.7186393313779579,0.0044983389088884,1.0967254638671875e-05,15.081971168518066,0.24112043418236287,0.058139063780291184,73019,5,0.9999315293602103,6.84706397896582e-05,0,0.0,1.0,73019,1,4,0,0,1.369412795793164e-05,5.477651183172656e-05,0.0,0.9999315293602103,0.0,0.3824325777981017,0.749040786058745,304.3293390274048
normal_traffic_recording_23.pcap,172.19.0.18:58375->172.19.0.8:443,172.19.0.18,58375,172.19.0.8,443,74630,6991,67639,87571853,917672,86654181,1173.413546831033,66,1399,346.0678268353233,119762.94077052329,0.2949240084793019,131.26476898869976,131,1399,15.677841802612493,245.79472358774376,0.11943678355890115,1281.1274708378303,66,1294,90.88296949052027,8259.714143414838,0.07093983351327618,0.0041709420324117855,0.0,15.005629062652588,0.228766678388903,0.05233419314109178,0.044530583417125694,0.0,15.029006958007812,0.7472238261319343,0.5583434463392472,0.004601643719189961,1.0967254638671875e-05,15.089080095291138,0.24102254188579658,0.05809186569709057,74623,7,0.9999062039394345,9.379606056545625e-05,0,0.0,1.0,74623,1,6,0,0,1.3399437223636607e-05,8.039662334181964e-05,0.0,0.9999062039394345,0.0,0.4486204891747737,0.8811866120013129,311.27323293685913
normal_traffic_recording_23.pcap,172.19.0.26:48996->172.19.0.8:443,172.19.0.26,48996,172.19.0.8,443,65958,5702,60256,77935320,748606,77186714,1181.5901027926864,66,1399,334.88051207423047,112144.95736709882,0.2834151295637471,131.2883198877587,131,1399,17.203468048361866,295.95931289100764,0.13103578492793186,1280.9797198619224,66,1294,91.98800539334754,8461.793136246535,0.07181066488957606,0.003730958715813881,0.0,15.0049729347229,0.21307269335386012,0.0453999726530681,0.04316485599349871,0.0,15.064734935760498,0.7246503565508261,0.5251181392492393,0.003913372287650532,9.775161743164062e-06,15.062933921813965,0.21965536146957573,0.04824847782232998,65954,4,0.9999393553473422,6.06446526577519e-05,0,0.0,1.0,65954,1,3,0,0,1.5161163164437976e-05,4.548348949331393e-05,0.0,0.9999393553473422,0.0,0.4245044757512836,0.8147216844080093,246.08284401893616
normal_traffic_recording_23.pcap,172.19.0.21:52941->172.19.0.8:443,172.19.0.21,52941,172.19.0.8,443,61206,5165,56041,72511911,678303,71833608,1184.7189981374374,66,1399,330.4002139473916,109164.30137648215,0.2788848785803487,131.32681510164568,131,1399,18.077847879415618,326.8085839512917,0.13765541991879982,1281.8045359647401,66,1294,86.6055666096996,7500.524167787114,0.06756534571358541,0.003737517083336857,0.0,15.008626937866211,0.21327024274537904,0.0454841964406729,0.044297973099464046,0.0,15.033952951431274,0.7341702806579044,0.539006001001306,0.0039015564596882723,1.0967254638671875e-05,15.164517879486084,0.21938662688167965,0.04813049205452132,61196,10,0.9998366173250989,0.0001633826749011535,0,0.0,1.0,61196,1,9,0,0,1.633826749011535e-05,0.00014704440741103813,0.0,0.9998366173250989,0.0,0.4174520155530756,0.8127770356138388,228.75473308563232
normal_traffic_recording_23.pcap,172.19.0.20:59888->172.19.0.8:443,172.19.0.20,59888,172.19.0.8,443,66679,5725,60954,78834890,754177,78080713,1182.3046236446257,66,1399,333.85216662839395,111457.26916247293,0.2823740683676311,131.73397379912663,131,1399,29.258193618470496,856.0418938159078,0.2221005923884494,1280.9776716868457,66,1294,91.90169364560178,8445.921294930042,0.07174340012077005,0.004008028673787413,0.0,15.005062818527222,0.2219200833854556,0.04924852340980757,0.04668891263291354,0.0,15.050355911254883,0.7571601771428682,0.5732915338510195,0.004192132956713368,1.0967254638671875e-05,15.06157898902893,0.22813322218783874,0.0520447670658058,66667,12,0.9998200332938406,0.00017996670615936052,0,0.0,1.0,66667,4,8,0,0,5.998890205312017e-05,0.00011997780410624034,0.0,0.9998200332938406,0.0,0.4224949249792007,0.8260454289321467,267.2473359107971
normal_traffic_recording_23.pcap,172.19.0.22:43317->172.19.0.8:443,172.19.0.22,43317,172.19.0.8,443,73106,5979,67127,86802589,784904,86017685,1187.3524608103303,66,1399,326.5620044003935,106642.74271800263,0.27503375381689554,131.27680214082622,131,1399,16.800915542918176,282.27076308026955,0.12798084100871926,1281.4170899935943,66,1294,89.04351337847702,7928.747274783015,0.06948831420604991,0.004258322808706812,0.0,15.012080907821655,0.22982481223968648,0.052819444321007145,0.05207505669630503,0.0,15.055879831314087,0.8031406825540074,0.645034955973317,0.004636852607622486,1.0967254638671875e-05,15.075079202651978,0.24042616553886267,0.057804741075720596,73101,5,0.999931606160917,6.83938390829754e-05,0,0.0,1.0,73101,1,4,0,0,1.367876781659508e-05,5.471507126638032e-05,0.0,0.999931606160917,0.0,0.40843896087861464,0.7870858675666346,311.3046889305115
normal_traffic_recording_23.pcap,172.19.0.25:42914->172.19.0.8:443,172.19.0.25,42914,172.19.0.8,443,64440,5069,59371,76818209,668241,76149968,1192.0889044072005,66,1399,319.51015356627835,102086.73823194679,0.2680254403719693,131.82896034720852,131,1399,31.0925559044816,966.7470326733137,0.23585527658407257,1282.6121843997912,66,1294,80.91679434358366,6547.5276068418125,0.06308749856563177,0.004029773149238911,0.0,15.005511999130249,0.22592740546881415,0.05104319254186995,0.05123807260532876,0.0,15.045691013336182,0.8052227215858936,0.6483836313581934,0.004150883087670942,1.0967254638671875e-05,15.056643962860107,0.22963211405840736,0.05273090780693341,64428,12,0.9998137802607077,0.00018621973929236498,0,0.0,1.0,64428,4,8,0,0,6.207324643078833e-05,0.00012414649286157667,0.0,0.9998137802607077,0.0,0.3974481696589202,0.7639701004908146,259.67455196380615
normal_traffic_recording_23.pcap,172.19.0.30:60939->172.19.0.8:443,172.19.0.30,60939,172.19.0.8,443,73540,5983,67557,87455915,785429,86670486,1189.2291949959206,66,1399,323.86710577298896,104889.9022017724,0.27233363184806436,131.27678422196223,131,1399,16.796486331625708,282.12195308848925,0.1279471189911712,1282.9238420889028,66,1294,79.06350640105619,6251.038044429853,0.06162759144948319,0.003799932130337326,0.0,15.014209985733032,0.21898765356383934,0.04795559241339612,0.0467079869483634,0.0,15.057087898254395,0.767867018991846,0.589619758855424,0.004135490127295596,1.0967254638671875e-05,15.183243989944458,0.22914590518995157,0.05250784586532228,73535,5,0.9999320097905902,6.799020940984498e-05,0,0.0,1.0,73535,1,4,0,0,1.3598041881968997e-05,5.439216752787599e-05,0.0,0.9999320097905902,0.0,0.4069430040601805,0.7664754870077976,279.4432089328766
normal_traffic_recording_23.pcap,172.19.0.19:60039->172.19.0.8:443,172.19.0.19,60039,172.19.0.8,443,73384,6138,67246,86995724,805733,86189991,1185.4862640357571,66,1399,329.3026686032924,108440.24754924979,0.2777785610794389,131.26963180188986,131,1399,16.58193888520128,274.9606971925502,0.12631968763519114,1281.7117895488207,66,1294,87.24292576901598,7611.328096738032,0.06806750665820639,0.0036601576130565255,0.0,15.006551027297974,0.2160467038167035,0.046676178230062405,0.04376389930977463,0.0,15.047903060913086,0.7468442524282579,0.5577763373851234,0.003993519326285967,1.0967254638671875e-05,15.049691915512085,0.22623011264192533,0.05118006386597822,73379,5,0.9999318652567317,6.813474326828737e-05,0,0.0,1.0,73379,1,4,0,0,1.3626948653657473e-05,5.450779461462989e-05,0.0,0.9999318652567317,0.0,0.41488449099177593,0.7868489837635282,268.593346118927
normal_traffic_recording_23.pcap,172.19.0.29:48647->172.19.0.8:443,172.19.0.29,48647,172.19.0.8,443,72203,5649,66554,86095611,741674,85353937,1192.410440009418,66,1399,319.174256649753,101872.2061079224,0.26767147111462064,131.29297220747034,131,1399,17.284546714967902,298.7555551419077,0.13164868175620784,1282.4764401839109,66,1294,82.52946245399521,6811.112172945404,0.06435164020803395,0.004154004336347845,0.0,25.62296199798584,0.23935152551629404,0.05728915276697716,0.053098814092344335,0.0,25.62296199798584,0.8554094248950249,0.7317252841992372,0.00450577158133559,1.0967254638671875e-05,25.676790952682495,0.2507429111470305,0.06287200749048764,72198,5,0.9999307507998283,6.924920017173802e-05,0,0.0,1.0,72198,1,4,0,0,1.3849840034347603e-05,5.539936013739041e-05,0.0,0.9999307507998283,0.0,0.39593913682402804,0.7601549285503937,299.92742109298706
normal_traffic_recording_23.pcap,172.19.0.27:43402->172.19.0.8:443,172.19.0.27,43402,172.19.0.8,443,35090,2286,32804,42382165,301143,42081022,1207.8131946423482,66,1399,294.5330304517616,86749.70602709833,0.24385644382613098,131.73359580052494,131,1399,27.166950547141813,738.0432020308488,0.20622644043117783,1282.801548591635,66,1294,80.16780734504341,6426.877334511997,0.06249431756070003,0.0028559556524188727,0.0,15.001537084579468,0.19087676188450134,0.036433938227512626,0.04385672992898286,0.0,15.042164087295532,0.7476895760741161,0.5590397021698915,0.0030354234106245662,1.3828277587890625e-05,15.050932884216309,0.19786206367891399,0.039149396243278616,35081,9,0.9997435166714164,0.00025648332858364207,0,0.0,1.0,35081,1,8,0,0,2.8498147620404674e-05,0.0002279851809632374,0.0,0.9997435166714164,0.0,0.3475455593172841,0.6954652579495906,100.21262788772583
normal_traffic_recording_23.pcap,172.19.0.28:55828->172.19.0.8:443,172.19.0.28,55828,172.19.0.8,443,71354,6398,64956,84122919,839967,83282952,1178.951691565995,66,1399,338.59213219229025,114644.63198252136,0.2871976304156621,131.28587058455767,131,1399,16.386986115744975,268.5333139576186,0.12481911452299477,1282.144097542952,66,1294,84.56096041519915,7150.556026340877,0.06595277440129255,0.003953927220147842,0.0,15.00394892692566,0.22340869948786427,0.049911447006858844,0.04410263700784883,0.0,15.03942608833313,0.7459244640134343,0.5564033060137292,0.004190050464571693,1.0967254638671875e-05,15.080157995223999,0.23150061600884547,0.053592535212474916,71349,5,0.9999299268436247,7.007315637525577e-05,0,0.0,1.0,71349,1,4,0,0,1.4014631275051154e-05,5.6058525100204615e-05,0.0,0.9999299268436247,0.0,0.4353526838929542,0.8247615112138327,282.124568939209
normal_traffic_recording_23.pcap,172.19.0.21:44751->172.19.0.8:443,172.19.0.21,44751,172.19.0.8,443,83906,6682,77224,99923669,877172,99046497,1190.900162086144,66,1399,321.4553548187989,103333.54514167992,0.26992636750984533,131.27387009877282,131,1399,16.035395681247845,257.1339146541821,0.12215222777528022,1282.5869807313788,66,1294,81.80619407780715,6692.253389495849,0.06378218031743797,0.0035035756736679444,0.0,15.009299993515015,0.20710359851195673,0.042891900516601765,0.04400052640309967,0.0,15.072789907455444,0.7339502052499025,0.5386829037863741,0.003804076041022827,1.0013580322265625e-05,15.072751998901367,0.21688701042544573,0.04703997529128741,83901,5,0.9999404095058756,5.9590494124377276e-05,0,0.0,1.0,83901,1,4,0,0,1.1918098824875456e-05,4.7672395299501825e-05,0.0,0.9999404095058756,0.0,0.4008979130921854,0.7660875063708694,293.9675168991089
normal_traffic_recording_23.pcap,172.19.0.24:36068->172.19.0.8:443,172.19.0.24,36068,172.19.0.8,443,75637,7798,67839,87953814,1023368,86930446,1162.8411227309387,66,1399,359.99912703868875,129599.37146861797,0.30958582389417816,131.23467555783535,131,1399,14.844705843448109,220.36529157850245,0.11311572783906508,1281.4228688512508,66,1294,89.88874479519947,8079.986440856501,0.07014760465121203,0.004386872760811641,0.0,28.159584999084473,0.24426017991010243,0.059663035489715605,0.042555535223387106,0.0,28.210893154144287,0.7610083014388346,0.5791336348588201,0.004475168565516026,1.0967254638671875e-05,17.32463002204895,0.23479965761264784,0.05513087921501666,75632,5,0.999933894786943,6.610521305710168e-05,0,0.0,1.0,75632,1,4,0,0,1.3221042611420337e-05,5.288417044568135e-05,0.0,0.999933894786943,0.0,0.4787388253300322,0.8725300363105236,331.80550813674927
normal_traffic_recording_23.pcap,172.19.0.26:35940->172.19.0.8:443,172.19.0.26,35940,172.19.0.8,443,34558,2547,32011,41403029,337928,41065101,1198.0736443081196,66,1399,310.4090539305499,96353.78076205903,0.25909012806120885,132.67687475461327,131,1399,43.93787360037572,1930.5367365225936,0.331164520430852,1282.8434288213427,66,1294,79.7955345446619,6367.327333268331,0.06220208386457328,0.0033545411633138468,0.0,15.001109838485718,0.20253515052803392,0.041020487199413355,0.045531374305041866,0.0,15.029094934463501,0.7457255824243054,0.5561066442820696,0.003158221457832048,1.1205673217773438e-05,15.030349016189575,0.19471328874146793,0.03791326481251826,34546,12,0.9996527576827363,0.0003472423172637305,0,0.0,1.0,34546,4,8,0,0,0.00011574743908791018,0.00023149487817582037,0.0,0.9996527576827363,0.0,0.37959000706275525,0.7588760273473072,115.9228789806366
normal_traffic_recording_23.pcap,172.19.0.20:51362->172.19.0.8:443,172.19.0.20,51362,172.19.0.8,443,64701,5093,59608,77128075,671374,76456701,1192.069287955364,66,1399,319.64547500822925,102173.22969323651,0.2681433690456742,131.82289416846652,131,1399,31.01893625116012,962.1744061535355,0.23530765613079818,1282.6583847805664,66,1294,81.0414190022707,6567.711593901602,0.06318238742588896,0.0036048384243406507,0.0,15.011255025863647,0.21365713558759902,0.04564937158749768,0.045803818942427355,0.0,15.030248165130615,0.7613526839394208,0.5796579093417595,0.003865956716153331,1.2874603271484375e-05,15.070024013519287,0.22280988707870905,0.049644245780027074,64690,11,0.9998299871717593,0.00017001282824067633,0,0.0,1.0,64690,4,7,0,0,6.182284663297322e-05,0.00010818998160770312,0.0,0.9998299871717593,0.0,0.39763848393785806,0.7717299228738916,233.2330460548401
>>>>>>> main
normal_traffic_recording_23.pcap,172.19.0.23:36756->172.19.0.8:443,172.19.0.23,36756,172.19.0.8,443,1962,79,1883,2422796,11879,2410917,1234.8603465851172,66,1399,243.46524610850093,59275.32606267293,0.1971601459078184,150.36708860759492,131,1399,144.1392766345765,20776.13106873897,0.9585826125205442,1280.3595326606478,66,1294,97.34884410694582,9476.79744895844,0.0760324280982626,0.00923402099084149,0.0,17.622997045516968,0.39786002560213657,0.15829259997213277,0.2321527585005149,0.0,17.622997045516968,1.9819071454612824,3.927955933230489,0.0002046790563844849,1.8835067749023438e-05,0.0396270751953125,0.0013192538584609588,1.7404307430641277e-06,1957,5,0.9974515800203874,0.0025484199796126403,0,0.0,1.0,1957,1,4,0,0,0.0005096839959225281,0.0020387359836901123,0.0,0.9974515800203874,0.0,0.24350605097225464,0.5817832986845161,18.10791516304016
normal_traffic_recording_23.pcap,172.19.0.27:39847->172.19.0.8:443,172.19.0.27,39847,172.19.0.8,443,36040,3443,32597,42264397,455409,41808988,1172.7080188679245,66,1399,347.0539532432672,120446.44646177988,0.29594233829687316,132.27098460644785,131,1399,37.835750978337124,1431.5440520947386,0.28604724680103977,1282.602325367365,66,1294,81.25465138150791,6602.318371130385,0.06335139877298665,0.003155493465690218,0.0,15.001548051834106,0.19778045081198636,0.03911710672339255,0.03303917170540667,0.0,15.03189206123352,0.6399423727266769,0.40952624041104896,0.0034172042613673727,1.0967254638671875e-05,15.04091191291809,0.20808349871581203,0.04329874243781334,36029,11,0.9996947835738069,0.00030521642619311875,0,0.0,1.0,36029,3,8,0,0,8.32408435072142e-05,0.00022197558268590456,0.0,0.9996947835738069,0.0,0.45467260245054525,0.8308085290312897,113.72082901000977
normal_traffic_recording_23.pcap,172.19.0.23:40075->172.19.0.8:443,172.19.0.23,40075,172.19.0.8,443,60174,4379,55795,72115492,575478,71540014,1198.4493635124804,66,1399,309.8468079413468,96005.04439144187,0.2585397576024664,131.4176752683261,131,1399,19.806295764019307,392.2893518918091,0.15071257137656097,1282.1939958777668,66,1294,84.48520951146558,7137.750626196234,0.06589112863036653,0.003832347297189821,0.0,15.012168884277344,0.22121357582509293,0.04893544612932414,0.052673328897625195,0.0,15.41199803352356,0.8219446584861848,0.6755930216139711,0.0040533556820060304,1.0013580322265625e-05,15.539814949035645,0.23030420619082465,0.05304002738918587,60169,5,0.9999169076345266,8.30923654734603e-05,0,0.0,1.0,60169,1,4,0,0,1.661847309469206e-05,6.647389237876824e-05,0.0,0.9999169076345266,0.0,0.37618516538670027,0.7360593383602667,230.6038339138031
normal_traffic_recording_23.pcap,172.19.0.18:46723->172.19.0.8:443,172.19.0.18,46723,172.19.0.8,443,67629,7160,60469,78415113,939811,77475302,1159.489464578805,66,1399,364.01247049444925,132505.0786754723,0.31394202501588064,131.25851955307263,131,1399,15.491764257806478,239.9947598194503,0.11802482848774315,1281.2400072764558,66,1294,90.3073823343348,8155.423304079726,0.0704843603239506,0.0035633493507677668,0.0,15.009972095489502,0.20417492217164385,0.041687398843796825,0.03366143174936759,0.0,15.060598850250244,0.6280546951381667,0.39445270008509553,0.003984626015161422,1.0967254638671875e-05,15.213674068450928,0.2168342766197574,0.04701710351721347,67620,9,0.999866920995431,0.00013307900456904583,0,0.0,1.0,67620,1,8,0,0,1.4786556063227314e-05,0.00011829244850581852,0.0,0.999866920995431,0.0,0.48733690785436423,0.9335791420789135,240.98218989372253
normal_traffic_recording_23.pcap,172.19.0.25:59580->172.19.0.8:443,172.19.0.25,59580,172.19.0.8,443,22572,1785,20787,26901713,238027,26663686,1191.8178716994507,66,1399,319.79097485724753,102266.26760014873,0.2683220166863646,133.3484593837535,131,1399,52.3626508449377,2741.8472035088544,0.3926753341352611,1282.709674315678,66,1294,79.65559702807111,6345.014137898452,0.06209947474713415,0.0007568130853997816,0.0,8.648324966430664,0.05765352453155105,0.003323928890910159,0.009575127887084344,0.0,8.648324966430664,0.2049534478426775,0.04200591578260113,0.000390208078327691,1.3828277587890625e-05,0.2227001190185547,0.002910590450054039,8.471536767945773e-06,22561,11,0.9995126705653021,0.0004873294346978557,0,0.0,1.0,22561,4,7,0,0,0.000177210703526493,0.00031011873117136273,0.0,0.9995126705653021,0.0,0.39893016759760186,0.7882848632094811,17.08202815055847
normal_traffic_recording_23.pcap,172.19.0.26:47167->172.19.0.8:443,172.19.0.26,47167,172.19.0.8,443,52697,4531,48166,62260976,595238,61665738,1181.489951989677,66,1399,335.11695488956997,112303.37345445808,0.28363927625894697,131.37011697197087,131,1399,19.300137931508118,372.4953241752384,0.1469142174519491,1280.2752564049329,66,1294,96.63241626214707,9337.823872660867,0.07547784414227843,0.0034791423804991267,0.0,15.01101303100586,0.20216547225996365,0.04087087817409413,0.04047171895867152,0.0,15.114804983139038,0.689877527840412,0.4759310034191985,0.0035947515847439657,1.0013580322265625e-05,15.144391059875488,0.2072227294992164,0.04294125962110541,52688,9,0.9998292122891246,0.0001707877108753819,0,0.0,1.0,52688,1,8,0,0,1.897641231948688e-05,0.00015181129855589503,0.0,0.9998292122891246,0.0,0.42291453572338156,0.8238970053220764,183.33688688278198
normal_traffic_recording_23.pcap,172.19.0.25:45774->172.19.0.8:443,172.19.0.25,45774,172.19.0.8,443,46145,4955,41190,53400328,650956,52749372,1157.228908874201,66,1399,366.7699390787697,134520.18821184445,0.3169381064249236,131.37356205852674,131,1399,18.621242259731055,346.75066329559377,0.1417426913600418,1280.6353969410052,66,1294,93.99135290421017,8834.37442076378,0.07339431123700234,0.0035986582207365603,0.0,15.003679990768433,0.20706524841425675,0.04287601710085785,0.03351967802536694,0.0,15.035185098648071,0.6319972184484163,0.39942048412653525,0.003895024837225407,1.0013580322265625e-05,15.052438020706177,0.21812007191333171,0.047576365771476996,46138,7,0.9998483042583162,0.00015169574168382273,0,0.0,1.0,46138,1,6,0,0,2.1670820240546106e-05,0.00013002492144327662,0.0,0.9998483042583162,0.0,0.4919589956407234,0.9427589052617262,166.05648493766785
normal_traffic_recording_23.pcap,172.19.0.22:52616->172.19.0.8:443,172.19.0.22,52616,172.19.0.8,443,42284,5032,37252,48376779,661022,47715757,1144.0918314255982,66,1399,382.24603302206447,146112.0297611052,0.33410432844867527,131.36367249602543,131,1399,18.478925387914344,341.4706834921053,0.14066998156186175,1280.8911467840653,66,1294,92.45617765656714,8548.144786862704,0.07218113567940332,0.0023700028148321197,0.0,15.009996891021729,0.16559558667072088,0.027421898324820233,0.01991867004960177,0.0,15.029503107070923,0.48018135398444534,0.23057413271433522,0.0026883334685471522,1.0967254638671875e-05,15.040008068084717,0.17703369609237476,0.031340929552127306,42279,5,0.9998817519629174,0.00011824803708258442,0,0.0,1.0,42279,1,4,0,0,2.3649607416516885e-05,9.459842966606754e-05,0.0,0.9998817519629174,0.0,0.5264934826934803,0.9703165798601074,100.21082901954651
normal_traffic_recording_23.pcap,172.19.0.30:41968->172.19.0.8:443,172.19.0.30,41968,172.19.0.8,443,5724,403,5321,6871973,54323,6817650,1200.5543326345214,66,1399,306.50601824641257,93945.93922127018,0.2553037458736327,134.79652605459057,131,1399,64.27950202040508,4131.8543799912595,0.47686319448895026,1281.2723172336027,66,1294,90.59266574452695,8207.031086699588,0.07070523925790087,0.00036274805657204976,0.0,0.06492400169372559,0.0018592110900287236,3.456665877285794e-06,0.0051641968352284595,0.0,0.0679771900177002,0.007478459120541773,5.5927350817614435e-05,0.0003741530099309477,1.4781951904296875e-05,0.07766580581665039,0.0021249893679628393,4.515579813955107e-06,5719,5,0.9991264849755416,0.0008735150244584207,0,0.0,1.0,5719,1,4,0,0,0.00017470300489168413,0.0006988120195667365,0.0,0.9991264849755416,0.0,0.3674343749100554,0.7672132550060269,2.076007127761841
<<<<<<< HEAD
normal_traffic_recording_23.pcap,172.19.0.19:58558->172.19.0.8:443,172.19.0.19,58558,172.19.0.8,443,3722,148,3574,4602875,20918,4581957,1236.6671144545944,66,1399,239.3909815803681,57308.042062012144,0.19357754304475572,141.33783783783784,131,1399,105.75114554705422,11183.304784514245,0.7482153906187984,1282.0249020705091,66,1294,86.48141045742152,7479.034354705016,0.06745688817569098,0.006847339687537071,0.0,24.494874000549316,0.40150050382533126,0.16120265457199484,0.17332619712466285,0.0,24.52954411506653,2.0157482305644643,4.0632409290237685,0.00026992586457759367,1.8835067749023438e-05,0.05592608451843262,0.001863911431959897,3.4741658261907938e-06,3717,5,0.9986566362170876,0.0013433637829124126,0,0.0,1.0,3717,1,4,0,0,0.00026867275658248256,0.0010746910263299302,0.0,0.9986566362170876,0.0,0.24120710503299037,0.571403759731938,25.47895097732544
normal_traffic_recording_23.pcap,172.19.0.30:58607->172.19.0.8:443,172.19.0.30,58607,172.19.0.8,443,42840,5070,37770,49019273,666043,48353230,1144.2407329598507,66,1399,382.14803809959,146037.12302336568,0.33397520914246187,131.36942800788955,131,1399,18.410137104148216,338.9331481935349,0.14014019382837362,1280.202012178978,66,1294,96.94305524895924,9397.955961002765,0.07572481087102538,0.0030262586897323745,0.0,15.001024961471558,0.19382599434848197,0.037568516085177764,0.025575438155345274,0.0,15.102128028869629,0.5649418723625705,0.31915931914852697,0.003431115461912718,1.0967254638671875e-05,15.309278011322021,0.20795467872374532,0.04324514840309614,42829,11,0.9997432306255836,0.00025676937441643325,0,0.0,1.0,42829,1,10,0,0,2.334267040149393e-05,0.00023342670401493932,0.0,0.9997432306255836,0.0,0.5245916103246663,0.9804932044038954,129.6418960094452
normal_traffic_recording_23.pcap,172.19.0.28:39565->172.19.0.8:443,172.19.0.28,39565,172.19.0.8,443,42174,4158,38016,49216887,546527,48670360,1166.9959453691847,66,1399,354.7010595076441,125812.84161584527,0.303943694847571,131.43987493987493,131,1399,20.325599200533862,413.12998286074276,0.15463799862736846,1280.2598905723905,66,1294,96.99766892433911,9408.547776755702,0.07576404575243897,0.0031633389625624394,0.0,15.010549068450928,0.20025736479615136,0.04010301215509884,0.03209225260239253,0.0,15.102370977401733,0.6387977814549629,0.40806260559178253,0.0035086071273299968,1.1920928955078125e-05,15.112319946289062,0.21177761806263995,0.0448497595122854,42169,5,0.9998814435434153,0.0001185564565846256,0,0.0,1.0,42169,1,4,0,0,2.371129131692512e-05,9.484516526770048e-05,0.0,0.9998814435434153,0.0,0.46451494409055205,0.902933900430696,133.40749406814575
normal_traffic_recording_23.pcap,172.19.0.19:54290->172.19.0.8:443,172.19.0.19,54290,172.19.0.8,443,42869,4332,38537,49950674,569147,49381527,1165.1933565047004,66,1399,356.93055158357845,127399.41865375756,0.30632731433887006,131.38204062788552,131,1399,19.736974986458225,389.5481816160777,0.15022582152121863,1281.4055842437137,66,1294,89.61017934137301,8029.984241593033,0.06993116031585034,0.0028732284921601805,0.0,15.001426935195923,0.18309098471158194,0.03352230868265674,0.028439057723833434,0.0,15.171828031539917,0.5770809829573307,0.33302246089099896,0.0031917773269136986,1.1920928955078125e-05,15.482301950454712,0.1947647906771715,0.03793332368752243,42864,5,0.9998833656021834,0.00011663439781660408,0,0.0,1.0,42864,1,4,0,0,2.3326879563320814e-05,9.330751825328326e-05,0.0,0.9998833656021834,0.0,0.4723216452688104,0.9055692643997347,123.16955900192261
normal_traffic_recording_23.pcap,172.19.0.22:37768->172.19.0.8:443,172.19.0.22,37768,172.19.0.8,443,40869,4541,36328,47155042,596722,46558320,1153.8095377914801,66,1399,371.02708240518297,137661.09587810244,0.3215670093309942,131.40761946707772,131,1399,19.45121620918324,378.34981201639283,0.14802198143507547,1281.6097775820303,66,1294,88.46088130729768,7825.327521663809,0.06902325719939015,0.002521212318936031,0.0,15.007039070129395,0.175053872824453,0.030643858390839763,0.022672283701959686,0.0,15.080973148345947,0.5259414138017763,0.2766143707518113,0.0028351211763122004,1.0967254638671875e-05,15.105441093444824,0.1868453868407723,0.03491119858367785,40862,7,0.9998287210355037,0.0001712789644963175,0,0.0,1.0,40862,1,6,0,0,2.446842349947393e-05,0.00014681054099684358,0.0,0.9998287210355037,0.0,0.5032583347756457,0.9203420381533323,103.03690505027771
normal_traffic_recording_23.pcap,172.19.0.27:40370->172.19.0.8:443,172.19.0.27,40370,172.19.0.8,443,29936,3623,26313,34122764,478883,33643881,1139.8571619454838,66,1399,386.99186538705294,149762.7038757509,0.33950908789882367,132.1785812862269,131,1399,36.84649531396218,1357.6642169218367,0.27876298077502226,1278.6030099190514,66,1294,105.52135228329308,11134.755787694841,0.08252862809229086,0.003075728011047659,0.0,15.007309913635254,0.17234745526432318,0.029703645336087877,0.02539686607695758,0.0,15.029850959777832,0.4957158979075546,0.24573425143829308,0.0034962610638080015,1.0013580322265625e-05,15.085386991500854,0.18476095181945015,0.034136609317229186,29924,12,0.9995991448423303,0.00040085515766969537,0,0.0,1.0,29924,4,8,0,0,0.00013361838588989844,0.0002672367717797969,0.0,0.9995991448423303,0.0,0.5322996165055524,1.0183712251375403,92.07191801071167
normal_traffic_recording_23.pcap,172.19.0.20:58962->172.19.0.8:443,172.19.0.20,58962,172.19.0.8,443,30536,4016,26520,34355014,530539,33824475,1125.0659549384334,66,1399,403.0771669956924,162471.2025532733,0.35826981096210475,132.1063247011952,131,1399,35.150953638151286,1235.5895416714613,0.2660807778708362,1275.4326923076924,66,1294,122.349173602185,14969.320281137605,0.09592758154945336,0.00298909585839386,0.0,15.005944013595581,0.17082888747174554,0.029182508794834305,0.022725848332140246,0.0,15.043179035186768,0.4721486597962664,0.2229243569474105,0.0034228668542301867,1.0013580322265625e-05,15.122012853622437,0.18399043930937864,0.03385248175725815,30525,11,0.9996397694524496,0.00036023054755043225,0,0.0,1.0,30525,4,7,0,0,0.00013099292638197538,0.0002292376211684569,0.0,0.9996397694524496,0.0,0.5615836564636267,1.0576787060471655,91.27204203605652
normal_traffic_recording_23.pcap,172.19.0.29:54380->172.19.0.8:443,172.19.0.29,54380,172.19.0.8,443,30003,3651,26352,34189572,485098,33704474,1139.5384461553845,66,1399,387.4142677185867,150089.8148319288,0.33997472312203136,132.86715968227884,131,1399,47.179821078156195,2225.9355169668315,0.3550901606610381,1279.010094110504,66,1294,103.54477737279264,10721.520921181189,0.08095696652402383,0.0023858943753827058,0.0,14.996203184127808,0.149412534764697,0.02232410554481179,0.019611398095953955,0.0,14.996203184127808,0.42828895637077286,0.1834314301491658,0.0026710465630156405,1.0967254638671875e-05,15.103862047195435,0.16005901551779464,0.025618888448525622,29984,19,0.9993667299936673,0.0006332700063327001,0,0.0,1.0,29984,7,12,0,0,0.00023331000233310002,0.00039996000399960006,0.0,0.9993667299936673,0.0,0.5341931024170591,1.00906643918124,71.58160305023193
normal_traffic_recording_23.pcap,172.19.0.25:39161->172.19.0.8:443,172.19.0.25,39161,172.19.0.8,443,23863,2658,21205,27498098,350027,27148071,1152.3319783765662,66,1399,372.6852471292469,138894.2934277878,0.3234182979581067,131.68811136192625,131,1399,25.418546373540053,646.1024997438061,0.19302081342544852,1280.2674369252534,66,1294,96.32952129887886,9279.376673671157,0.07524171787906132,0.0012535203303528216,0.0,15.000480890274048,0.09731185980892929,0.009469598059472705,0.011237265698479942,0.0,15.000480890274048,0.2914886449197261,0.08496563011713817,0.0014072498652737582,1.3828277587890625e-05,15.05477499961853,0.10363756114539964,0.01074074408016645,23858,5,0.9997904706030256,0.00020952939697439551,0,0.0,1.0,23858,1,4,0,0,4.19058793948791e-05,0.0001676235175795164,0.0,0.9997904706030256,0.0,0.5040819329349686,0.979797609283373,29.91150212287903
normal_traffic_recording_23.pcap,172.19.0.26:48334->172.19.0.8:443,172.19.0.26,48334,172.19.0.8,443,24116,2916,21200,27527557,384083,27143474,1141.4644634267706,66,1399,385.16420064564204,148351.4614589964,0.33742986574399986,131.71570644718793,131,1399,24.732237676118398,611.6835804680104,0.18776984418357817,1280.3525471698113,66,1294,95.60690377852272,9140.680050115701,0.07467232676645155,0.0012791145003585927,0.0,15.001885175704956,0.09839405320871089,0.00968138970683863,0.010581765412057449,0.0,15.001885175704956,0.28311142085413316,0.0801520766180461,0.0013192980867201688,1.0013580322265625e-05,15.059956073760986,0.10362069716568044,0.010737248881101653,24111,5,0.9997926687676232,0.00020733123237684525,0,0.0,1.0,24111,1,4,0,0,4.146624647536905e-05,0.0001658649859014762,0.0,0.9997926687676232,0.0,0.5319869428575824,1.000286951496556,30.84584617614746
=======
normal_traffic_recording_23.pcap,172.19.0.19:58558->172.19.0.8:443,172.19.0.19,58558,172.19.0.8,443,3722,148,3574,4602875,20918,4581957,1236.6671144545944,66,1399,239.3909815803681,57308.042062012144,0.19357754304475572,141.33783783783784,131,1399,105.75114554705422,11183.304784514245,0.7482153906187984,1282.0249020705091,66,1294,86.48141045742152,7479.034354705016,0.06745688817569098,0.006847339687537071,0.0,24.494874000549316,0.40150050382533126,0.16120265457199484,0.17332619712466285,0.0,24.52954411506653,2.0157482305644643,4.0632409290237685,0.00026992586457759367,1.8835067749023438e-05,0.05592608451843262,0.001863911431959897,3.4741658261907938e-06,3717,5,0.9986566362170876,0.0013433637829124126,0,0.0,1.0,3717,1,4,0,0,0.00026867275658248256,0.0010746910263299302,0.0,0.9986566362170876,0.0,0.24120710503299034,0.571403759731938,25.47895097732544
normal_traffic_recording_23.pcap,172.19.0.30:58607->172.19.0.8:443,172.19.0.30,58607,172.19.0.8,443,42840,5070,37770,49019273,666043,48353230,1144.2407329598507,66,1399,382.14803809958994,146037.12302336565,0.3339752091424618,131.36942800788955,131,1399,18.410137104148216,338.9331481935349,0.14014019382837362,1280.202012178978,66,1294,96.94305524895925,9397.955961002766,0.0757248108710254,0.0030262586897323745,0.0,15.001024961471558,0.19382599434848197,0.037568516085177764,0.025575438155345274,0.0,15.102128028869629,0.5649418723625705,0.31915931914852697,0.003431115461912718,1.0967254638671875e-05,15.309278011322021,0.2079546787237453,0.04324514840309612,42829,11,0.9997432306255836,0.00025676937441643325,0,0.0,1.0,42829,1,10,0,0,2.334267040149393e-05,0.00023342670401493932,0.0,0.9997432306255836,0.0,0.5245916103246663,0.9804932044038954,129.6418960094452
normal_traffic_recording_23.pcap,172.19.0.28:39565->172.19.0.8:443,172.19.0.28,39565,172.19.0.8,443,42174,4158,38016,49216887,546527,48670360,1166.9959453691847,66,1399,354.7010595076441,125812.84161584527,0.303943694847571,131.43987493987493,131,1399,20.325599200533862,413.12998286074276,0.15463799862736846,1280.2598905723905,66,1294,96.99766892433911,9408.547776755702,0.07576404575243897,0.0031633389625624394,0.0,15.010549068450928,0.20025736479615133,0.04010301215509883,0.03209225260239253,0.0,15.102370977401733,0.6387977814549629,0.40806260559178253,0.0035086071273299968,1.1920928955078125e-05,15.112319946289062,0.21177761806263995,0.0448497595122854,42169,5,0.9998814435434153,0.0001185564565846256,0,0.0,1.0,42169,1,4,0,0,2.371129131692512e-05,9.484516526770048e-05,0.0,0.9998814435434153,0.0,0.46451494409055205,0.902933900430696,133.40749406814575
normal_traffic_recording_23.pcap,172.19.0.19:54290->172.19.0.8:443,172.19.0.19,54290,172.19.0.8,443,42869,4332,38537,49950674,569147,49381527,1165.1933565047004,66,1399,356.93055158357845,127399.41865375754,0.30632731433887006,131.38204062788552,131,1399,19.736974986458225,389.5481816160777,0.15022582152121863,1281.4055842437137,66,1294,89.61017934137301,8029.984241593033,0.06993116031585034,0.0028732284921601805,0.0,15.001426935195923,0.18309098471158197,0.033522308682656744,0.028439057723833434,0.0,15.171828031539917,0.5770809829573307,0.33302246089099896,0.0031917773269136986,1.1920928955078125e-05,15.482301950454712,0.19476479067717153,0.03793332368752245,42864,5,0.9998833656021834,0.00011663439781660408,0,0.0,1.0,42864,1,4,0,0,2.3326879563320814e-05,9.330751825328326e-05,0.0,0.9998833656021834,0.0,0.4723216452688104,0.9055692643997347,123.16955900192261
normal_traffic_recording_23.pcap,172.19.0.22:37768->172.19.0.8:443,172.19.0.22,37768,172.19.0.8,443,40869,4541,36328,47155042,596722,46558320,1153.8095377914801,66,1399,371.027082405183,137661.09587810247,0.32156700933099425,131.40761946707772,131,1399,19.45121620918324,378.34981201639283,0.14802198143507547,1281.6097775820303,66,1294,88.46088130729768,7825.327521663809,0.06902325719939015,0.002521212318936031,0.0,15.007039070129395,0.175053872824453,0.030643858390839763,0.022672283701959686,0.0,15.080973148345947,0.5259414138017763,0.2766143707518113,0.0028351211763122004,1.0967254638671875e-05,15.105441093444824,0.1868453868407723,0.03491119858367784,40862,7,0.9998287210355037,0.0001712789644963175,0,0.0,1.0,40862,1,6,0,0,2.446842349947393e-05,0.00014681054099684358,0.0,0.9998287210355037,0.0,0.5032583347756457,0.9203420381533323,103.03690505027771
normal_traffic_recording_23.pcap,172.19.0.27:40370->172.19.0.8:443,172.19.0.27,40370,172.19.0.8,443,29936,3623,26313,34122764,478883,33643881,1139.8571619454838,66,1399,386.99186538705294,149762.7038757509,0.33950908789882367,132.1785812862269,131,1399,36.84649531396218,1357.6642169218367,0.27876298077502226,1278.6030099190514,66,1294,105.52135228329308,11134.755787694841,0.08252862809229086,0.003075728011047659,0.0,15.007309913635254,0.17234745526432316,0.029703645336087874,0.02539686607695758,0.0,15.029850959777832,0.4957158979075546,0.24573425143829308,0.0034962610638080015,1.0013580322265625e-05,15.085386991500854,0.18476095181945015,0.034136609317229186,29924,12,0.9995991448423303,0.00040085515766969537,0,0.0,1.0,29924,4,8,0,0,0.00013361838588989844,0.0002672367717797969,0.0,0.9995991448423303,0.0,0.5322996165055524,1.0183712251375403,92.07191801071167
normal_traffic_recording_23.pcap,172.19.0.20:58962->172.19.0.8:443,172.19.0.20,58962,172.19.0.8,443,30536,4016,26520,34355014,530539,33824475,1125.0659549384334,66,1399,403.0771669956924,162471.2025532733,0.35826981096210475,132.1063247011952,131,1399,35.150953638151286,1235.5895416714613,0.2660807778708362,1275.4326923076924,66,1294,122.349173602185,14969.320281137603,0.09592758154945336,0.00298909585839386,0.0,15.005944013595581,0.17082888747174554,0.029182508794834305,0.022725848332140246,0.0,15.043179035186768,0.4721486597962664,0.2229243569474105,0.0034228668542301867,1.0013580322265625e-05,15.122012853622437,0.18399043930937867,0.033852481757258156,30525,11,0.9996397694524496,0.00036023054755043225,0,0.0,1.0,30525,4,7,0,0,0.00013099292638197538,0.0002292376211684569,0.0,0.9996397694524496,0.0,0.5615836564636267,1.0576787060471655,91.27204203605652
normal_traffic_recording_23.pcap,172.19.0.29:54380->172.19.0.8:443,172.19.0.29,54380,172.19.0.8,443,30003,3651,26352,34189572,485098,33704474,1139.5384461553845,66,1399,387.4142677185867,150089.8148319288,0.33997472312203136,132.86715968227884,131,1399,47.179821078156195,2225.9355169668315,0.3550901606610381,1279.010094110504,66,1294,103.54477737279262,10721.520921181187,0.08095696652402382,0.0023858943753827058,0.0,14.996203184127808,0.149412534764697,0.02232410554481179,0.019611398095953955,0.0,14.996203184127808,0.42828895637077286,0.1834314301491658,0.0026710465630156405,1.0967254638671875e-05,15.103862047195435,0.1600590155177946,0.02561888844852562,29984,19,0.9993667299936673,0.0006332700063327001,0,0.0,1.0,29984,7,12,0,0,0.00023331000233310002,0.00039996000399960006,0.0,0.9993667299936673,0.0,0.5341931024170591,1.00906643918124,71.58160305023193
normal_traffic_recording_23.pcap,172.19.0.25:39161->172.19.0.8:443,172.19.0.25,39161,172.19.0.8,443,23863,2658,21205,27498098,350027,27148071,1152.3319783765662,66,1399,372.6852471292469,138894.2934277878,0.3234182979581067,131.68811136192625,131,1399,25.418546373540053,646.1024997438061,0.19302081342544852,1280.2674369252534,66,1294,96.32952129887886,9279.376673671157,0.07524171787906132,0.0012535203303528216,0.0,15.000480890274048,0.09731185980892927,0.009469598059472704,0.011237265698479942,0.0,15.000480890274048,0.2914886449197261,0.08496563011713817,0.0014072498652737582,1.3828277587890625e-05,15.05477499961853,0.10363756114539964,0.01074074408016645,23858,5,0.9997904706030256,0.00020952939697439551,0,0.0,1.0,23858,1,4,0,0,4.19058793948791e-05,0.0001676235175795164,0.0,0.9997904706030256,0.0,0.5040819329349686,0.979797609283373,29.91150212287903
normal_traffic_recording_23.pcap,172.19.0.26:48334->172.19.0.8:443,172.19.0.26,48334,172.19.0.8,443,24116,2916,21200,27527557,384083,27143474,1141.4644634267706,66,1399,385.164200645642,148351.46145899637,0.3374298657439998,131.71570644718793,131,1399,24.732237676118398,611.6835804680104,0.18776984418357817,1280.3525471698113,66,1294,95.6069037785227,9140.6800501157,0.07467232676645154,0.0012791145003585927,0.0,15.001885175704956,0.0983940532087109,0.009681389706838633,0.010581765412057449,0.0,15.001885175704956,0.28311142085413316,0.0801520766180461,0.0013192980867201688,1.0013580322265625e-05,15.059956073760986,0.10362069716568044,0.010737248881101653,24111,5,0.9997926687676232,0.00020733123237684525,0,0.0,1.0,24111,1,4,0,0,4.146624647536905e-05,0.0001658649859014762,0.0,0.9997926687676232,0.0,0.5319869428575824,1.000286951496556,30.84584617614746
>>>>>>> main
normal_traffic_recording_23.pcap,172.19.0.21:49450->172.19.0.8:443,172.19.0.21,49450,172.19.0.8,443,508,88,420,539350,15605,523745,1061.7125984251968,66,1399,459.2825756867646,210940.48432946863,0.432586536477012,177.32954545454547,131,1399,231.05069896172677,53384.42549070248,1.3029453065448224,1247.0119047619048,66,1294,213.87106118093118,45740.83081065761,0.1715068319430087,0.01090184988589917,0.0,4.19742488861084,0.18702362961573527,0.03497783803464373,0.06353147002472274,0.0,4.19742488861084,0.4480656546521008,0.20076283087881566,0.0019115656258667283,1.2874603271484375e-05,0.12854886054992676,0.010298505752565862,0.00010605922073563215,496,12,0.9763779527559056,0.023622047244094488,0,0.0,1.0,496,4,8,0,0,0.007874015748031496,0.015748031496062992,0.0,0.9763779527559056,0.0,0.6650368524023752,1.3086516581967411,5.527237892150879
normal_traffic_recording_23.pcap,172.19.0.23:44649->172.19.0.8:443,172.19.0.23,44649,172.19.0.8,443,23604,2457,21147,27452560,323718,27128842,1163.0469411964075,66,1399,359.5488167618641,129275.35163485652,0.3091438565600818,131.75335775335776,131,1399,26.438635340433937,699.0014386644423,0.2006676398329601,1282.8695323213694,66,1294,79.27477441527917,6284.489858593402,0.06179488437287182,0.0010254520665476526,0.0,15.001049995422363,0.09772749032239755,0.009550662364714307,0.00982297845306148,0.0,15.02367901802063,0.30330279896248485,0.09199258785847751,0.0011392995851849197,1.2159347534179688e-05,15.079560041427612,0.10382540532318117,0.010779714790522858,23597,7,0.9997034400948992,0.0002965599051008304,0,0.0,1.0,23597,1,6,0,0,4.236570072869005e-05,0.0002541942043721403,0.0,0.9997034400948992,0.0,0.4818359501372157,0.894196847364065,24.203745126724243
normal_traffic_recording_23.pcap,172.19.0.21:40938->172.19.0.8:443,172.19.0.21,40938,172.19.0.8,443,22338,1201,21137,27290384,161708,27128676,1221.7022114781985,66,1399,269.7651241031974,72773.22218241352,0.2208108666487516,134.6444629475437,131,1399,63.995831369745595,4095.4664327049145,0.47529493577970455,1283.4686095472393,66,1294,75.6091833873442,5716.7486125010455,0.05891003708615542,0.000317985723208318,0.0,0.8150520324707031,0.005845259551021573,3.416705921880893e-05,0.005919039249420166,0.0,0.8994901180267334,0.02753546890978123,0.0007582020480815288,0.0003313983280851839,1.3113021850585938e-05,0.8981108665466309,0.006599044519292465,4.3547388567603916e-05,22326,12,0.9994627988181574,0.0005372011818426001,0,0.0,1.0,22326,4,8,0,0,0.0001790670606142,0.0003581341212284,0.0,0.9994627988181574,0.0,0.3021795933733732,0.6632745089189124,7.102847099304199
normal_traffic_recording_23.pcap,172.19.0.29:55790->172.19.0.8:443,172.19.0.29,55790,172.19.0.8,443,8674,568,8106,10464218,76063,10388155,1206.388978556606,68,1399,297.07035046823046,88250.79312731727,0.24624756670411788,133.9137323943662,131,1399,54.439085561510474,2963.6140367734583,0.40652354757159126,1281.5389834690352,68,1294,89.34738312126045,7982.9548706172955,0.06971881797883621,0.0003899597701049931,0.0,0.12972497940063477,0.0026562107437315147,7.0554555151147265e-06,0.005963968431718345,0.0,0.2136220932006836,0.011735079529713822,0.00013771209156870838,0.00040695015697255686,1.0967254638671875e-05,0.19097900390625,0.003163819749361383,1.0009755406449123e-05,8669,5,0.9994235646760433,0.000576435323956652,0,0.0,1.0,8669,1,4,0,0,0.00011528706479133042,0.0004611482591653217,0.0,0.9994235646760433,0.0,0.34883656565208737,0.7393469707251338,3.3821210861206055
